File Version,Model,Hardware Type,Data Logger Name,Serial Number,Sample Rate,Total Alarms
2,EL-SIE-6+,4,EasyLog,24f228015fce29fa,900,0,

Channel Number,Channel Name,Channel Type
1,Temperature,1
2,Humidity,2
3,Pressure,3
4,Dew Point,4

Channel Number,Channel Name,Alarm Type,High Threshold,Low Threshold,Delay,Hold

Reading,Date / Time (UTC),Temperature (°C),Humidity (%RH),Pressure (mbar),Dew Point (°C),
1,2025/01/15 12:24:35,26.44,37.3,1018.89,10.70,
2,2025/01/15 12:39:35,23.89,40.3,1018.94,9.58,
3,2025/01/15 12:54:35,22.95,41.5,1019.06,9.18,
4,2025/01/15 13:09:35,22.87,41.9,1018.90,9.25,
5,2025/01/15 13:24:35,22.46,42.1,1018.72,8.95,
6,2025/01/15 13:39:35,22.52,42.4,1018.66,9.11,
7,2025/01/15 13:54:35,22.62,42.1,1018.63,9.09,
8,2025/01/15 14:09:35,22.58,42.3,1018.55,9.13,
9,2025/01/15 14:24:35,22.66,42.2,1018.53,9.16,
10,2025/01/15 14:39:35,22.75,41.9,1018.58,9.14,
11,2025/01/15 14:54:35,22.62,41.7,1018.59,8.95,
12,2025/01/15 15:09:35,22.52,41.5,1018.64,8.79,
13,2025/01/15 15:24:35,22.56,41.9,1018.52,8.97,
14,2025/01/15 15:39:35,22.27,41.7,1018.42,8.64,
15,2025/01/15 15:54:35,22.05,41.7,1018.59,8.44,
16,2025/01/15 16:09:35,21.83,41.6,1018.66,8.20,
17,2025/01/15 16:24:35,21.61,41.6,1018.62,8.01,
18,2025/01/15 16:39:35,21.47,41.6,1018.65,7.88,
19,2025/01/15 16:54:35,21.35,41.7,1018.45,7.81,
20,2025/01/15 17:09:35,21.18,41.7,1018.42,7.66,
21,2025/01/15 17:24:35,21.06,41.7,1018.38,7.55,
22,2025/01/15 17:39:35,20.99,41.7,1018.72,7.48,
23,2025/01/15 17:54:35,20.89,41.7,1018.21,7.39,
24,2025/01/15 18:09:35,20.85,41.8,1018.27,7.39,
25,2025/01/15 18:24:35,20.77,41.8,1018.39,7.32,
26,2025/01/15 18:39:35,20.74,41.8,1018.72,7.29,
27,2025/01/15 18:54:35,20.65,41.8,1018.98,7.21,
28,2025/01/15 19:09:35,20.65,41.8,1018.84,7.21,
29,2025/01/15 19:24:35,20.58,41.8,1019.11,7.15,
30,2025/01/15 19:39:35,20.57,41.8,1019.26,7.14,
31,2025/01/15 19:54:35,20.52,41.8,1019.49,7.09,
32,2025/01/15 20:09:35,20.47,41.7,1019.52,7.01,
33,2025/01/15 20:24:35,20.45,41.7,1019.25,7.00,
34,2025/01/15 20:39:35,20.43,41.7,1019.10,6.98,
35,2025/01/15 20:54:35,20.38,41.7,1019.18,6.93,
36,2025/01/15 21:09:35,20.38,41.6,1019.34,6.90,
37,2025/01/15 21:24:35,20.34,41.5,1019.22,6.83,
38,2025/01/15 21:39:35,20.33,41.5,1019.21,6.82,
39,2025/01/15 21:54:35,20.28,41.5,1019.38,6.77,
40,2025/01/15 22:09:35,20.28,41.5,1019.52,6.77,
41,2025/01/15 22:24:35,20.23,41.5,1019.45,6.73,
42,2025/01/15 22:39:35,20.23,41.4,1019.60,6.69,
43,2025/01/15 22:54:35,20.18,41.4,1019.59,6.65,
44,2025/01/15 23:09:35,20.16,41.3,1019.53,6.60,
45,2025/01/15 23:24:35,20.13,41.3,1019.54,6.57,
46,2025/01/15 23:39:35,20.12,41.3,1019.43,6.56,
47,2025/01/15 23:54:35,20.09,41.2,1019.36,6.50,
48,2025/01/16 00:09:35,20.06,41.2,1019.31,6.47,
49,2025/01/16 00:24:35,20.03,41.1,1019.20,6.41,
50,2025/01/16 00:39:35,20.01,41.1,1019.25,6.39,
51,2025/01/16 00:54:35,19.99,41.1,1019.37,6.37,
52,2025/01/16 01:09:35,19.96,41.0,1019.54,6.31,
53,2025/01/16 01:24:35,19.99,41.0,1019.36,6.34,
54,2025/01/16 01:39:35,19.90,40.9,1019.31,6.22,
55,2025/01/16 01:54:35,19.92,41.0,1019.11,6.27,
56,2025/01/16 02:09:35,19.90,40.9,1019.00,6.22,
57,2025/01/16 02:24:35,19.87,40.9,1018.83,6.19,
58,2025/01/16 02:39:35,19.87,40.8,1018.83,6.16,
59,2025/01/16 02:54:35,19.83,40.8,1018.85,6.12,
60,2025/01/16 03:09:35,19.83,40.8,1018.74,6.12,
61,2025/01/16 03:24:35,19.80,40.8,1018.45,6.09,
62,2025/01/16 03:39:35,19.80,40.7,1018.34,6.06,
63,2025/01/16 03:54:35,19.80,40.7,1018.14,6.06,
64,2025/01/16 04:09:35,19.76,40.7,1018.08,6.02,
65,2025/01/16 04:24:35,19.76,40.7,1018.13,6.02,
66,2025/01/16 04:39:35,19.72,40.6,1018.12,5.95,
67,2025/01/16 04:54:35,19.73,40.6,1018.19,5.96,
68,2025/01/16 05:09:35,19.70,40.6,1018.39,5.93,
69,2025/01/16 05:24:35,19.69,40.5,1018.39,5.89,
70,2025/01/16 05:39:35,19.69,40.5,1018.16,5.89,
71,2025/01/16 05:54:35,19.66,40.5,1018.10,5.86,
72,2025/01/16 06:09:35,19.64,40.4,1017.94,5.81,
73,2025/01/16 06:24:35,19.62,40.4,1017.57,5.79,
74,2025/01/16 06:39:35,19.59,40.4,1017.71,5.76,
75,2025/01/16 06:54:35,19.59,40.4,1017.78,5.76,
76,2025/01/16 07:09:35,19.55,40.3,1017.75,5.69,
77,2025/01/16 07:24:35,19.55,40.3,1017.82,5.69,
78,2025/01/16 07:39:35,19.52,40.3,1017.86,5.67,
79,2025/01/16 07:54:35,19.51,40.2,1017.98,5.62,
80,2025/01/16 08:09:35,19.49,40.2,1018.20,5.60,
81,2025/01/16 08:24:35,19.54,40.2,1018.20,5.65,
82,2025/01/16 08:39:35,19.55,40.2,1018.20,5.66,
83,2025/01/16 08:54:35,19.62,40.1,1018.13,5.68,
84,2025/01/16 09:09:35,19.77,40.0,1018.18,5.78,
85,2025/01/16 09:24:35,19.97,39.9,1018.24,5.92,
86,2025/01/16 09:39:35,20.14,39.9,1018.36,6.08,
87,2025/01/16 09:54:35,20.34,40.0,1018.57,6.29,
88,2025/01/16 10:09:35,20.48,40.0,1018.30,6.42,
89,2025/01/16 10:24:35,20.67,40.0,1018.19,6.59,
90,2025/01/16 10:39:35,20.81,40.0,1018.17,6.71,
91,2025/01/16 10:54:35,20.91,39.9,1018.07,6.77,
92,2025/01/16 11:09:35,20.95,39.8,1018.05,6.77,
93,2025/01/16 11:24:35,21.00,39.7,1017.78,6.78,
94,2025/01/16 11:39:35,21.00,39.6,1017.64,6.74,
95,2025/01/16 11:54:35,21.00,39.6,1017.50,6.74,
96,2025/01/16 12:09:35,21.05,39.7,1017.31,6.82,
97,2025/01/16 12:24:35,21.06,39.7,1017.09,6.83,
98,2025/01/16 12:39:35,21.08,39.8,1017.03,6.88,
99,2025/01/16 12:54:35,21.19,40.1,1017.06,7.09,
100,2025/01/16 13:09:35,21.25,40.1,1017.04,7.14,
101,2025/01/16 13:24:35,21.29,40.2,1017.03,7.22,
102,2025/01/16 13:39:35,21.30,40.2,1017.06,7.23,
103,2025/01/16 13:54:35,21.40,40.3,1016.97,7.35,
104,2025/01/16 14:09:35,21.39,40.2,1016.85,7.31,
105,2025/01/16 14:24:35,21.33,40.2,1016.78,7.25,
106,2025/01/16 14:39:35,21.32,40.2,1016.76,7.24,
107,2025/01/16 14:54:35,21.29,40.2,1016.66,7.22,
108,2025/01/16 15:09:35,21.22,40.2,1016.63,7.15,
109,2025/01/16 15:24:35,21.18,40.3,1016.37,7.16,
110,2025/01/16 15:39:35,21.15,40.4,1016.24,7.16,
111,2025/01/16 15:54:35,21.02,40.4,1016.13,7.05,
112,2025/01/16 16:09:35,20.91,40.5,1016.33,6.99,
113,2025/01/16 16:24:35,20.78,40.5,1016.39,6.87,
114,2025/01/16 16:39:35,20.70,40.5,1016.49,6.80,
115,2025/01/16 16:54:35,20.61,40.5,1016.39,6.72,
116,2025/01/16 17:09:35,20.54,40.5,1016.42,6.65,
117,2025/01/16 17:24:35,20.45,40.6,1016.51,6.61,
118,2025/01/16 17:39:35,20.38,40.6,1016.42,6.54,
119,2025/01/16 17:54:35,20.34,40.6,1016.44,6.51,
120,2025/01/16 18:09:35,20.27,40.6,1016.15,6.45,
121,2025/01/16 18:24:35,20.20,40.6,1016.25,6.38,
122,2025/01/16 18:39:35,20.17,40.6,1016.42,6.36,
123,2025/01/16 18:54:35,20.14,40.6,1016.25,6.33,
124,2025/01/16 19:09:35,20.07,40.6,1016.50,6.27,
125,2025/01/16 19:24:35,20.06,40.6,1016.36,6.26,
126,2025/01/16 19:39:35,20.01,40.6,1016.27,6.21,
127,2025/01/16 19:54:35,19.99,40.6,1016.37,6.20,
128,2025/01/16 20:09:35,19.97,40.5,1016.23,6.14,
129,2025/01/16 20:24:35,19.90,40.5,1016.07,6.08,
130,2025/01/16 20:39:35,19.92,40.5,1015.92,6.10,
131,2025/01/16 20:54:35,19.90,40.5,1015.77,6.08,
132,2025/01/16 21:09:35,19.86,40.4,1015.48,6.01,
133,2025/01/16 21:24:35,19.85,40.4,1015.47,6.00,
134,2025/01/16 21:39:35,19.80,40.4,1015.45,5.95,
135,2025/01/16 21:54:35,19.82,40.4,1015.49,5.97,
136,2025/01/16 22:09:35,19.79,40.4,1015.46,5.94,
137,2025/01/16 22:24:35,19.76,40.3,1015.57,5.88,
138,2025/01/16 22:39:35,19.76,40.3,1015.56,5.88,
139,2025/01/16 22:54:35,19.73,40.4,1015.90,5.89,
140,2025/01/16 23:09:35,19.72,40.4,1016.07,5.88,
141,2025/01/16 23:24:35,19.69,40.4,1015.80,5.85,
142,2025/01/16 23:39:35,19.69,40.3,1015.65,5.82,
143,2025/01/16 23:54:35,19.68,40.3,1015.60,5.81,
144,2025/01/17 00:09:35,19.68,40.3,1015.59,5.81,
145,2025/01/17 00:24:35,19.65,40.3,1015.77,5.78,
146,2025/01/17 00:39:35,19.64,40.3,1015.21,5.77,
147,2025/01/17 00:54:35,19.64,40.3,1014.67,5.77,
148,2025/01/17 01:09:35,19.59,40.2,1014.48,5.69,
149,2025/01/17 01:24:35,19.59,40.2,1015.18,5.69,
150,2025/01/17 01:39:35,19.56,40.2,1015.33,5.67,
151,2025/01/17 01:54:35,19.58,40.2,1015.49,5.68,
152,2025/01/17 02:09:35,19.54,40.2,1015.28,5.65,
153,2025/01/17 02:24:35,19.52,40.2,1015.44,5.63,
154,2025/01/17 02:39:35,19.52,40.2,1015.47,5.63,
155,2025/01/17 02:54:35,19.54,40.2,1014.87,5.65,
156,2025/01/17 03:09:35,19.51,40.2,1014.80,5.62,
157,2025/01/17 03:24:35,19.49,40.1,1014.72,5.57,
158,2025/01/17 03:39:35,19.46,40.2,1014.79,5.58,
159,2025/01/17 03:54:35,19.46,40.2,1014.82,5.58,
160,2025/01/17 04:09:35,19.45,40.2,1015.14,5.57,
161,2025/01/17 04:24:35,19.44,40.2,1015.19,5.56,
162,2025/01/17 04:39:35,19.42,40.1,1015.32,5.50,
163,2025/01/17 04:54:35,19.42,40.2,1015.05,5.54,
164,2025/01/17 05:09:35,19.42,40.2,1015.47,5.54,
165,2025/01/17 05:24:35,19.39,40.2,1015.92,5.51,
166,2025/01/17 05:39:35,19.39,40.2,1015.95,5.51,
167,2025/01/17 05:54:35,19.38,40.2,1015.75,5.50,
168,2025/01/17 06:09:35,19.38,40.2,1016.01,5.50,
169,2025/01/17 06:24:35,19.35,40.2,1015.85,5.48,
170,2025/01/17 06:39:35,19.35,40.2,1015.87,5.48,
171,2025/01/17 06:54:35,19.32,40.2,1015.49,5.45,
172,2025/01/17 07:09:35,19.34,40.2,1015.63,5.47,
173,2025/01/17 07:24:35,19.34,40.2,1015.65,5.47,
174,2025/01/17 07:39:35,19.31,40.2,1016.14,5.44,
175,2025/01/17 07:54:35,19.28,40.2,1016.26,5.42,
176,2025/01/17 08:09:35,19.27,40.2,1016.42,5.41,
177,2025/01/17 08:24:35,19.34,40.3,1016.51,5.50,
178,2025/01/17 08:39:35,19.44,40.4,1016.85,5.63,
179,2025/01/17 08:54:35,19.62,40.5,1016.87,5.83,
180,2025/01/17 09:09:35,19.83,40.6,1016.93,6.05,
181,2025/01/17 09:24:35,19.96,40.5,1016.87,6.13,
182,2025/01/17 09:39:35,20.10,40.6,1017.03,6.29,
183,2025/01/17 09:54:35,20.23,40.7,1017.24,6.45,
184,2025/01/17 10:09:35,20.30,40.7,1017.52,6.51,
185,2025/01/17 10:24:35,20.41,40.7,1017.86,6.61,
186,2025/01/17 10:39:35,20.57,40.7,1017.86,6.75,
187,2025/01/17 10:54:35,20.70,40.8,1018.20,6.90,
188,2025/01/17 11:09:35,20.82,40.9,1018.29,7.05,
189,2025/01/17 11:24:35,20.92,40.9,1018.36,7.14,
190,2025/01/17 11:39:35,20.99,41.0,1018.17,7.24,
191,2025/01/17 11:54:35,21.12,41.1,1018.28,7.39,
192,2025/01/17 12:09:35,21.18,41.2,1018.31,7.48,
193,2025/01/17 12:24:35,21.22,41.4,1018.58,7.58,
194,2025/01/17 12:39:35,21.22,41.4,1018.66,7.58,
195,2025/01/17 12:54:35,21.25,41.5,1018.79,7.65,
196,2025/01/17 13:09:35,21.26,41.6,1019.05,7.69,
197,2025/01/17 13:24:35,21.30,41.7,1019.27,7.76,
198,2025/01/17 13:39:35,21.27,41.7,1019.29,7.74,
199,2025/01/17 13:54:35,21.27,41.8,1019.49,7.77,
200,2025/01/17 14:09:35,21.27,41.9,1019.65,7.81,
201,2025/01/17 14:24:35,21.25,41.9,1019.88,7.79,
202,2025/01/17 14:39:35,21.22,42.0,1019.81,7.80,
203,2025/01/17 14:54:35,21.25,42.0,1019.91,7.82,
204,2025/01/17 15:09:35,21.26,42.3,1019.83,7.94,
205,2025/01/17 15:24:35,21.30,42.3,1020.09,7.97,
206,2025/01/17 15:39:35,21.32,42.3,1020.24,7.99,
207,2025/01/17 15:54:35,21.23,42.3,1020.21,7.91,
208,2025/01/17 16:09:35,21.08,42.3,1020.09,7.77,
209,2025/01/17 16:24:35,20.96,42.3,1020.09,7.67,
210,2025/01/17 16:39:35,20.79,42.2,1019.86,7.48,
211,2025/01/17 16:54:35,20.67,42.2,1019.80,7.37,
212,2025/01/17 17:09:35,20.55,42.3,1019.80,7.30,
213,2025/01/17 17:24:35,20.43,42.3,1019.46,7.19,
214,2025/01/17 17:39:35,20.30,42.3,1019.45,7.07,
215,2025/01/17 17:54:35,20.24,42.3,1019.40,7.02,
216,2025/01/17 18:09:35,20.17,42.3,1019.40,6.95,
217,2025/01/17 18:24:35,20.10,42.3,1019.38,6.89,
218,2025/01/17 18:39:35,20.03,42.3,1019.44,6.83,
219,2025/01/17 18:54:35,20.00,42.3,1019.78,6.80,
220,2025/01/17 19:09:35,19.96,42.3,1019.41,6.76,
221,2025/01/17 19:24:35,19.89,42.3,1019.41,6.70,
222,2025/01/17 19:39:35,19.85,42.3,1019.47,6.67,
223,2025/01/17 19:54:35,19.82,42.3,1019.32,6.64,
224,2025/01/17 20:09:35,19.79,42.3,1019.50,6.61,
225,2025/01/17 20:24:35,19.77,42.3,1019.40,6.59,
226,2025/01/17 20:39:35,19.73,42.3,1019.52,6.56,
227,2025/01/17 20:54:35,19.72,42.3,1019.52,6.55,
228,2025/01/17 21:09:35,19.70,42.3,1019.34,6.53,
229,2025/01/17 21:24:35,19.66,42.2,1019.33,6.46,
230,2025/01/17 21:39:35,19.64,42.2,1019.34,6.44,
231,2025/01/17 21:54:35,19.62,42.2,1019.42,6.42,
232,2025/01/17 22:09:35,19.59,42.2,1019.50,6.40,
233,2025/01/17 22:24:35,19.58,42.1,1019.39,6.35,
234,2025/01/17 22:39:35,19.54,42.1,1019.30,6.32,
235,2025/01/17 22:54:35,19.51,42.0,1019.23,6.25,
236,2025/01/17 23:09:35,19.52,42.1,1019.24,6.30,
237,2025/01/17 23:24:35,19.48,42.0,1019.12,6.23,
238,2025/01/17 23:39:35,19.48,42.0,1018.90,6.23,
239,2025/01/17 23:54:35,19.46,42.0,1018.77,6.21,
240,2025/01/18 00:09:35,19.45,42.0,1018.48,6.20,
241,2025/01/18 00:24:35,19.42,41.9,1018.39,6.14,
242,2025/01/18 00:39:35,19.39,41.9,1018.23,6.11,
243,2025/01/18 00:54:35,19.38,41.9,1017.99,6.10,
244,2025/01/18 01:09:35,19.36,41.9,1017.87,6.08,
245,2025/01/18 01:24:35,19.34,41.9,1017.63,6.07,
246,2025/01/18 01:39:35,19.34,41.8,1017.62,6.03,
247,2025/01/18 01:54:35,19.29,41.8,1017.47,5.99,
248,2025/01/18 02:09:35,19.29,41.8,1017.34,5.99,
249,2025/01/18 02:24:35,19.27,41.8,1017.19,5.97,
250,2025/01/18 02:39:35,19.28,41.8,1017.33,5.98,
251,2025/01/18 02:54:35,19.27,41.7,1017.50,5.93,
252,2025/01/18 03:09:35,19.24,41.7,1017.52,5.91,
253,2025/01/18 03:24:35,19.20,41.7,1017.44,5.87,
254,2025/01/18 03:39:35,19.22,41.7,1017.40,5.89,
255,2025/01/18 03:54:35,19.21,41.7,1017.25,5.88,
256,2025/01/18 04:09:35,19.18,41.7,1017.09,5.85,
257,2025/01/18 04:24:35,19.20,41.6,1016.85,5.84,
258,2025/01/18 04:39:35,19.15,41.6,1016.73,5.79,
259,2025/01/18 04:54:35,19.17,41.6,1016.65,5.81,
260,2025/01/18 05:09:35,19.17,41.6,1016.48,5.81,
261,2025/01/18 05:24:35,19.14,41.6,1016.26,5.78,
262,2025/01/18 05:39:35,19.11,41.6,1016.05,5.76,
263,2025/01/18 05:54:35,19.11,41.6,1016.04,5.76,
264,2025/01/18 06:09:35,19.08,41.5,1016.08,5.69,
265,2025/01/18 06:24:35,19.08,41.5,1016.08,5.69,
266,2025/01/18 06:39:35,19.07,41.5,1016.14,5.68,
267,2025/01/18 06:54:35,19.05,41.5,1016.20,5.67,
268,2025/01/18 07:09:35,19.04,41.5,1016.13,5.66,
269,2025/01/18 07:24:35,19.03,41.5,1015.98,5.65,
270,2025/01/18 07:39:35,19.01,41.4,1016.08,5.60,
271,2025/01/18 07:54:35,18.98,41.5,1016.00,5.60,
272,2025/01/18 08:09:35,18.97,41.4,1016.06,5.56,
273,2025/01/18 08:24:35,18.95,41.4,1016.20,5.54,
274,2025/01/18 08:39:35,18.94,41.4,1016.10,5.53,
275,2025/01/18 08:54:35,18.98,41.4,1016.18,5.57,
276,2025/01/18 09:09:35,19.04,41.4,1016.10,5.62,
277,2025/01/18 09:24:35,19.13,41.4,1016.26,5.70,
278,2025/01/18 09:39:35,19.29,41.4,1016.28,5.85,
279,2025/01/18 09:54:35,19.42,41.3,1016.25,5.93,
280,2025/01/18 10:09:35,19.58,41.3,1016.22,6.07,
281,2025/01/18 10:24:35,19.73,41.2,1016.26,6.17,
282,2025/01/18 10:39:35,19.87,41.2,1016.33,6.30,
283,2025/01/18 10:54:35,19.99,41.2,1016.11,6.41,
284,2025/01/18 11:09:35,20.09,41.1,1015.98,6.46,
285,2025/01/18 11:24:35,20.09,41.0,1015.79,6.43,
286,2025/01/18 11:39:35,20.16,40.9,1015.74,6.45,
287,2025/01/18 11:54:35,20.17,40.9,1015.61,6.46,
288,2025/01/18 12:09:35,20.21,40.8,1015.48,6.46,
289,2025/01/18 12:24:35,20.26,40.8,1015.42,6.51,
290,2025/01/18 12:39:35,20.27,40.7,1015.29,6.48,
291,2025/01/18 12:54:35,20.31,40.7,1015.36,6.52,
292,2025/01/18 13:09:35,20.30,40.6,1015.38,6.47,
293,2025/01/18 13:24:35,20.27,40.6,1015.19,6.45,
294,2025/01/18 13:39:35,20.28,40.6,1014.90,6.46,
295,2025/01/18 13:54:35,20.26,40.5,1014.93,6.40,
296,2025/01/18 14:09:35,20.26,40.5,1014.83,6.40,
297,2025/01/18 14:24:35,20.26,40.5,1014.74,6.40,
298,2025/01/18 14:39:35,20.20,40.4,1014.69,6.31,
299,2025/01/18 14:54:35,20.16,40.4,1014.54,6.28,
300,2025/01/18 15:09:35,20.09,40.4,1014.29,6.21,
301,2025/01/18 15:24:35,20.01,40.3,1014.20,6.11,
302,2025/01/18 15:39:35,19.97,40.4,1014.21,6.11,
303,2025/01/18 15:54:35,19.89,40.3,1014.24,6.00,
304,2025/01/18 16:09:35,19.83,40.4,1014.19,5.98,
305,2025/01/18 16:24:35,19.77,40.3,1014.18,5.89,
306,2025/01/18 16:39:35,19.73,40.4,1014.02,5.89,
307,2025/01/18 16:54:35,19.69,40.3,1014.14,5.82,
308,2025/01/18 17:09:35,19.64,40.3,1014.13,5.77,
309,2025/01/18 17:24:35,19.58,40.4,1014.08,5.75,
310,2025/01/18 17:39:35,19.55,40.4,1014.16,5.73,
311,2025/01/18 17:54:35,19.52,40.4,1013.97,5.70,
312,2025/01/18 18:09:35,19.49,40.3,1013.98,5.64,
313,2025/01/18 18:24:35,19.45,40.3,1013.98,5.60,
314,2025/01/18 18:39:35,19.42,40.3,1013.97,5.58,
315,2025/01/18 18:54:35,19.39,40.4,1013.86,5.58,
316,2025/01/18 19:09:35,19.35,40.4,1013.85,5.55,
317,2025/01/18 19:24:35,19.34,40.3,1013.80,5.50,
318,2025/01/18 19:39:35,19.32,40.4,1013.75,5.52,
319,2025/01/18 19:54:35,19.31,40.3,1013.82,5.48,
320,2025/01/18 20:09:35,19.27,40.3,1013.80,5.44,
321,2025/01/18 20:24:35,19.27,40.3,1013.72,5.44,
322,2025/01/18 20:39:35,19.24,40.3,1013.66,5.41,
323,2025/01/18 20:54:35,19.21,40.3,1013.57,5.39,
324,2025/01/18 21:09:35,19.17,40.3,1013.51,5.35,
325,2025/01/18 21:24:35,19.18,40.3,1013.39,5.36,
326,2025/01/18 21:39:35,19.17,40.3,1013.44,5.35,
327,2025/01/18 21:54:35,19.14,40.2,1013.40,5.29,
328,2025/01/18 22:09:35,19.11,40.3,1013.24,5.30,
329,2025/01/18 22:24:35,19.10,40.2,1013.18,5.25,
330,2025/01/18 22:39:35,19.10,40.2,1013.19,5.25,
331,2025/01/18 22:54:35,19.04,40.2,1013.27,5.20,
332,2025/01/18 23:09:35,19.04,40.2,1013.23,5.20,
333,2025/01/18 23:24:35,18.98,40.2,1013.14,5.14,
334,2025/01/18 23:39:35,18.98,40.1,1013.04,5.11,
335,2025/01/18 23:54:35,18.95,40.1,1012.91,5.08,
336,2025/01/19 00:09:35,18.93,40.2,1012.77,5.10,
337,2025/01/19 00:24:35,18.91,40.1,1012.62,5.05,
338,2025/01/19 00:39:35,18.89,40.1,1012.40,5.03,
339,2025/01/19 00:54:35,18.84,40.1,1012.23,4.98,
340,2025/01/19 01:09:35,18.84,40.0,1011.96,4.95,
341,2025/01/19 01:24:35,18.80,40.0,1011.79,4.91,
342,2025/01/19 01:39:35,18.78,40.0,1011.72,4.89,
343,2025/01/19 01:54:35,18.76,40.0,1011.48,4.88,
344,2025/01/19 02:09:35,18.71,40.0,1011.34,4.83,
345,2025/01/19 02:24:35,18.70,39.9,1011.22,4.79,
346,2025/01/19 02:39:35,18.67,39.9,1011.08,4.76,
347,2025/01/19 02:54:35,18.70,39.9,1011.07,4.79,
348,2025/01/19 03:09:35,18.63,39.8,1011.02,4.69,
349,2025/01/19 03:24:35,18.60,39.8,1010.96,4.66,
350,2025/01/19 03:39:35,18.60,39.8,1010.88,4.66,
351,2025/01/19 03:54:35,18.57,39.8,1010.74,4.63,
352,2025/01/19 04:09:35,18.57,39.7,1010.58,4.60,
353,2025/01/19 04:24:35,18.52,39.7,1010.35,4.55,
354,2025/01/19 04:39:35,18.60,39.7,1010.31,4.63,
355,2025/01/19 04:54:35,18.76,39.7,1010.22,4.77,
356,2025/01/19 05:09:35,19.00,39.6,1010.18,4.95,
357,2025/01/19 05:24:35,19.17,39.5,1010.00,5.06,
358,2025/01/19 05:39:35,19.36,39.5,1009.77,5.23,
359,2025/01/19 05:54:35,19.54,39.4,1009.62,5.36,
360,2025/01/19 06:09:35,19.69,39.2,1009.52,5.42,
361,2025/01/19 06:24:35,19.87,39.2,1009.27,5.58,
362,2025/01/19 06:39:35,19.99,39.0,1009.08,5.61,
363,2025/01/19 06:54:35,20.10,38.9,1008.98,5.67,
364,2025/01/19 07:09:35,20.21,38.8,1008.84,5.74,
365,2025/01/19 07:24:35,20.33,38.7,1008.80,5.80,
366,2025/01/19 07:39:35,20.40,38.6,1008.89,5.83,
367,2025/01/19 07:54:35,20.47,38.5,1008.97,5.86,
368,2025/01/19 08:09:35,20.54,38.4,1008.96,5.88,
369,2025/01/19 08:24:35,20.59,38.3,1008.95,5.89,
370,2025/01/19 08:39:35,20.67,38.2,1008.90,5.92,
371,2025/01/19 08:54:35,20.71,38.2,1008.83,5.96,
372,2025/01/19 09:09:35,20.75,38.0,1008.79,5.92,
373,2025/01/19 09:24:35,20.81,38.0,1008.66,5.97,
374,2025/01/19 09:39:35,20.84,37.9,1008.55,5.96,
375,2025/01/19 09:54:35,20.88,37.8,1008.43,5.96,
376,2025/01/19 10:09:35,20.91,37.8,1008.36,5.98,
377,2025/01/19 10:24:35,20.94,37.7,1008.28,5.97,
378,2025/01/19 10:39:35,20.99,37.6,1008.13,5.98,
379,2025/01/19 10:54:35,21.02,37.6,1008.04,6.00,
380,2025/01/19 11:09:35,21.05,37.5,1007.89,5.99,
381,2025/01/19 11:24:35,21.08,37.5,1007.73,6.02,
382,2025/01/19 11:39:35,21.02,37.4,1007.49,5.93,
383,2025/01/19 11:54:35,20.95,37.5,1007.23,5.90,
384,2025/01/19 12:09:35,20.85,37.4,1007.00,5.78,
385,2025/01/19 12:24:35,20.74,37.4,1006.86,5.68,
386,2025/01/19 12:39:35,20.65,37.4,1006.79,5.60,
387,2025/01/19 12:54:35,20.52,37.4,1006.71,5.48,
388,2025/01/19 13:09:35,20.44,37.3,1006.43,5.37,
389,2025/01/19 13:24:35,20.33,37.4,1006.29,5.31,
390,2025/01/19 13:39:35,20.27,37.4,1006.18,5.26,
391,2025/01/19 13:54:35,20.14,37.4,1005.94,5.14,
392,2025/01/19 14:09:35,20.09,37.4,1005.72,5.10,
393,2025/01/19 14:24:35,19.99,37.4,1005.58,5.01,
394,2025/01/19 14:39:35,19.89,37.4,1005.42,4.92,
395,2025/01/19 14:54:35,19.83,37.4,1005.42,4.87,
396,2025/01/19 15:09:35,19.77,37.4,1005.40,4.81,
397,2025/01/19 15:24:35,19.66,37.4,1005.31,4.72,
398,2025/01/19 15:39:35,19.62,37.4,1005.23,4.68,
399,2025/01/19 15:54:35,19.56,37.5,1005.29,4.67,
400,2025/01/19 16:09:35,19.51,37.5,1005.29,4.62,
401,2025/01/19 16:24:35,19.45,37.5,1005.31,4.57,
402,2025/01/19 16:39:35,19.39,37.5,1005.35,4.51,
403,2025/01/19 16:54:35,19.35,37.5,1005.29,4.48,
404,2025/01/19 17:09:35,19.29,37.5,1005.25,4.43,
405,2025/01/19 17:24:35,19.28,37.6,1005.31,4.46,
406,2025/01/19 17:39:35,19.25,37.6,1005.35,4.43,
407,2025/01/19 17:54:35,19.21,37.6,1005.40,4.39,
408,2025/01/19 18:09:35,19.18,37.6,1005.50,4.37,
409,2025/01/19 18:24:35,19.15,37.6,1005.54,4.34,
410,2025/01/19 18:39:35,19.15,37.7,1005.40,4.38,
411,2025/01/19 18:54:35,19.08,37.7,1005.47,4.32,
412,2025/01/19 19:09:35,19.08,37.7,1005.56,4.32,
413,2025/01/19 19:24:35,19.05,37.7,1005.46,4.29,
414,2025/01/19 19:39:35,19.01,37.7,1005.64,4.25,
415,2025/01/19 19:54:35,19.01,37.7,1005.82,4.25,
416,2025/01/19 20:09:35,18.98,37.7,1005.82,4.23,
417,2025/01/19 20:24:35,18.98,37.7,1005.87,4.23,
418,2025/01/19 20:39:35,18.95,37.7,1005.89,4.20,
419,2025/01/19 20:54:35,18.90,37.8,1005.84,4.19,
420,2025/01/19 21:09:35,18.89,37.7,1005.75,4.14,
421,2025/01/19 21:24:35,18.87,37.7,1005.67,4.13,
422,2025/01/19 21:39:35,18.89,37.8,1005.46,4.18,
423,2025/01/19 21:54:35,18.84,37.7,1005.44,4.10,
424,2025/01/19 22:09:35,18.77,37.8,1005.53,4.08,
425,2025/01/19 22:24:35,18.80,37.8,1005.55,4.10,
426,2025/01/19 22:39:35,18.76,37.8,1005.59,4.07,
427,2025/01/19 22:54:35,18.70,37.8,1005.61,4.01,
428,2025/01/19 23:09:35,18.70,37.8,1005.63,4.01,
429,2025/01/19 23:24:35,18.67,37.8,1005.63,3.99,
430,2025/01/19 23:39:35,18.64,37.8,1005.51,3.96,
431,2025/01/19 23:54:35,18.60,37.8,1005.47,3.92,
432,2025/01/20 00:09:35,18.60,37.7,1005.32,3.89,
433,2025/01/20 00:24:35,18.59,37.8,1005.36,3.92,
434,2025/01/20 00:39:35,18.57,37.8,1005.22,3.90,
435,2025/01/20 00:54:35,18.56,37.8,1005.07,3.89,
436,2025/01/20 01:09:35,18.56,37.7,1004.95,3.85,
437,2025/01/20 01:24:35,18.52,37.8,1004.96,3.85,
438,2025/01/20 01:39:35,18.50,37.7,1004.94,3.80,
439,2025/01/20 01:54:35,18.49,37.8,1005.02,3.83,
440,2025/01/20 02:09:35,18.47,37.8,1004.95,3.81,
441,2025/01/20 02:24:35,18.49,37.8,1004.88,3.83,
442,2025/01/20 02:39:35,18.43,37.8,1004.77,3.77,
443,2025/01/20 02:54:35,18.43,37.7,1004.82,3.74,
444,2025/01/20 03:09:35,18.43,37.8,1004.87,3.77,
445,2025/01/20 03:24:35,18.39,37.8,1004.82,3.74,
446,2025/01/20 03:39:35,18.38,37.8,1004.79,3.73,
447,2025/01/20 03:54:35,18.38,37.8,1004.88,3.73,
448,2025/01/20 04:09:35,18.36,37.8,1004.72,3.71,
449,2025/01/20 04:24:35,18.35,37.8,1004.72,3.70,
450,2025/01/20 04:39:35,18.32,37.8,1004.81,3.67,
451,2025/01/20 04:54:35,18.33,37.8,1004.68,3.68,
452,2025/01/20 05:09:35,18.29,37.8,1004.76,3.65,
453,2025/01/20 05:24:35,18.28,37.9,1004.72,3.68,
454,2025/01/20 05:39:35,18.26,37.9,1004.79,3.66,
455,2025/01/20 05:54:35,18.26,37.8,1004.91,3.62,
456,2025/01/20 06:09:35,18.26,37.8,1004.93,3.62,
457,2025/01/20 06:24:35,18.25,37.8,1004.90,3.61,
458,2025/01/20 06:39:35,18.22,37.9,1004.93,3.62,
459,2025/01/20 06:54:35,18.19,37.9,1004.90,3.60,
460,2025/01/20 07:09:35,18.20,37.9,1004.91,3.61,
461,2025/01/20 07:24:35,18.18,37.9,1004.84,3.59,
462,2025/01/20 07:39:35,18.15,37.9,1004.82,3.56,
463,2025/01/20 07:54:35,18.15,37.9,1004.84,3.56,
464,2025/01/20 08:09:35,18.14,37.9,1004.86,3.55,
465,2025/01/20 08:24:35,18.19,38.0,1005.00,3.63,
466,2025/01/20 08:39:35,18.33,38.0,1005.05,3.76,
467,2025/01/20 08:54:35,18.55,38.2,1005.18,4.03,
468,2025/01/20 09:09:35,18.77,38.4,1005.24,4.30,
469,2025/01/20 09:24:35,19.00,38.4,1005.39,4.51,
470,2025/01/20 09:39:35,19.05,38.8,1005.47,4.70,
471,2025/01/20 09:54:35,19.13,39.2,1005.50,4.92,
472,2025/01/20 10:09:35,19.21,39.4,1005.54,5.06,
473,2025/01/20 10:24:35,19.28,39.5,1005.60,5.16,
474,2025/01/20 10:39:35,19.36,39.5,1005.53,5.23,
475,2025/01/20 10:54:35,19.48,39.6,1005.54,5.38,
476,2025/01/20 11:09:35,19.58,39.7,1005.47,5.50,
477,2025/01/20 11:24:35,19.75,39.9,1005.30,5.73,
478,2025/01/20 11:39:35,19.90,40.0,1005.28,5.90,
479,2025/01/20 11:54:35,20.03,40.1,1005.14,6.05,
480,2025/01/20 12:09:35,20.16,40.1,1005.03,6.17,
481,2025/01/20 12:24:35,20.27,40.2,1004.98,6.30,
482,2025/01/20 12:39:35,20.37,40.2,1004.91,6.39,
483,2025/01/20 12:54:35,20.51,40.2,1004.83,6.52,
484,2025/01/20 13:09:35,20.61,40.1,1004.83,6.57,
485,2025/01/20 13:24:35,21.13,40.4,1004.75,7.15,
486,2025/01/20 13:39:35,21.53,40.0,1004.52,7.36,
487,2025/01/20 13:54:35,21.67,40.0,1004.27,7.48,
488,2025/01/20 14:09:35,21.55,39.7,1004.85,7.27,
489,2025/01/20 14:24:35,21.10,39.9,1004.71,6.94,
490,2025/01/20 14:39:35,20.98,40.1,1004.52,6.90,
491,2025/01/20 14:54:35,21.16,40.2,1004.47,7.10,
492,2025/01/20 15:09:35,21.18,40.3,1004.47,7.16,
493,2025/01/20 15:24:35,21.23,40.4,1004.46,7.24,
494,2025/01/20 15:39:35,21.29,40.5,1004.46,7.33,
495,2025/01/20 15:54:35,21.37,40.5,1004.42,7.40,
496,2025/01/20 16:09:35,21.39,40.6,1004.39,7.45,
497,2025/01/20 16:24:35,21.43,40.6,1004.45,7.49,
498,2025/01/20 16:39:35,21.47,40.6,1004.45,7.52,
499,2025/01/20 16:54:35,21.47,40.6,1004.43,7.52,
500,2025/01/20 17:09:35,22.24,45.8,1004.54,10.00,
501,2025/01/20 17:24:35,22.18,40.1,1004.44,7.98,
502,2025/01/20 17:39:35,21.96,40.1,1004.42,7.78,
503,2025/01/20 17:54:35,21.80,40.1,1004.42,7.64,
504,2025/01/20 18:09:35,21.70,40.2,1004.34,7.58,
505,2025/01/20 18:24:35,21.60,40.3,1004.47,7.53,
506,2025/01/20 18:39:35,21.56,40.2,1004.31,7.46,
507,2025/01/20 18:54:35,21.53,40.3,1004.19,7.47,
508,2025/01/20 19:09:35,21.46,40.2,1004.22,7.37,
509,2025/01/20 19:24:35,21.47,40.2,1004.11,7.38,
510,2025/01/20 19:39:35,21.43,40.2,1004.11,7.34,
511,2025/01/20 19:54:35,21.42,40.1,1004.09,7.30,
512,2025/01/20 20:09:35,21.39,40.1,1004.10,7.27,
513,2025/01/20 20:24:35,21.39,40.0,1003.99,7.23,
514,2025/01/20 20:39:35,21.37,39.9,1003.80,7.18,
515,2025/01/20 20:54:35,21.37,39.9,1003.66,7.18,
516,2025/01/20 21:09:35,21.33,39.9,1003.72,7.14,
517,2025/01/20 21:24:35,21.35,39.8,1003.73,7.13,
518,2025/01/20 21:39:35,21.32,39.7,1003.67,7.06,
519,2025/01/20 21:54:35,21.29,39.6,1003.59,7.00,
520,2025/01/20 22:09:35,21.25,39.6,1003.50,6.96,
521,2025/01/20 22:24:35,21.20,39.5,1003.37,6.88,
522,2025/01/20 22:39:35,21.18,39.6,1003.38,6.90,
523,2025/01/20 22:54:35,21.16,39.5,1003.18,6.84,
524,2025/01/20 23:09:35,21.09,39.5,1003.21,6.78,
525,2025/01/20 23:24:35,21.05,39.4,1003.15,6.71,
526,2025/01/20 23:39:35,21.05,39.4,1003.03,6.71,
527,2025/01/20 23:54:35,21.00,39.3,1002.93,6.63,
528,2025/01/21 00:09:35,20.96,39.3,1002.74,6.59,
529,2025/01/21 00:24:35,20.96,39.2,1002.64,6.55,
530,2025/01/21 00:39:35,20.95,39.2,1002.42,6.54,
531,2025/01/21 00:54:35,20.89,39.1,1002.37,6.46,
532,2025/01/21 01:09:35,20.91,39.1,1002.19,6.47,
533,2025/01/21 01:24:35,20.89,39.0,1002.10,6.42,
534,2025/01/21 01:39:35,20.88,39.0,1002.04,6.41,
535,2025/01/21 01:54:35,20.84,39.0,1001.85,6.37,
536,2025/01/21 02:09:35,20.81,38.9,1001.80,6.31,
537,2025/01/21 02:24:35,20.79,38.9,1001.66,6.29,
538,2025/01/21 02:39:35,20.78,38.9,1001.72,6.28,
539,2025/01/21 02:54:35,20.75,38.8,1001.40,6.22,
540,2025/01/21 03:09:35,20.74,38.8,1001.25,6.21,
541,2025/01/21 03:24:35,20.73,38.8,1001.08,6.20,
542,2025/01/21 03:39:35,20.73,38.8,1000.86,6.20,
543,2025/01/21 03:54:35,20.68,38.8,1000.78,6.16,
544,2025/01/21 04:09:35,20.67,38.7,1000.77,6.11,
545,2025/01/21 04:24:35,20.65,38.8,1000.74,6.13,
546,2025/01/21 04:39:35,20.64,38.8,1000.67,6.12,
547,2025/01/21 04:54:35,20.61,38.7,1000.57,6.05,
548,2025/01/21 05:09:35,20.57,38.7,1000.51,6.02,
549,2025/01/21 05:24:35,20.58,38.7,1000.36,6.03,
550,2025/01/21 05:39:35,20.57,38.7,1000.34,6.02,
551,2025/01/21 05:54:35,20.57,38.7,1000.44,6.02,
552,2025/01/21 06:09:35,20.54,38.7,1000.48,5.99,
553,2025/01/21 06:24:35,20.52,38.7,1000.33,5.97,
554,2025/01/21 06:39:35,20.57,38.7,1000.28,6.02,
555,2025/01/21 06:54:35,20.55,38.6,1000.28,5.96,
556,2025/01/21 07:09:35,20.58,38.6,1000.06,5.99,
557,2025/01/21 07:24:35,20.61,38.7,1000.08,6.05,
558,2025/01/21 07:39:35,20.65,38.8,1000.07,6.13,
559,2025/01/21 07:54:35,20.64,38.8,1000.06,6.12,
560,2025/01/21 08:09:35,20.68,38.9,1000.07,6.19,
561,2025/01/21 08:24:35,20.67,39.0,1000.03,6.22,
562,2025/01/21 08:39:35,20.71,39.0,1000.04,6.26,
563,2025/01/21 08:54:35,20.73,39.1,999.98,6.31,
564,2025/01/21 09:09:35,20.73,39.2,999.92,6.35,
565,2025/01/21 09:24:35,20.74,39.3,999.92,6.39,
566,2025/01/21 09:39:35,20.78,39.4,999.90,6.47,
567,2025/01/21 09:54:35,20.75,39.4,999.80,6.44,
568,2025/01/21 10:09:35,20.77,39.4,999.75,6.46,
569,2025/01/21 10:24:35,20.79,39.5,999.80,6.51,
570,2025/01/21 10:39:35,20.78,39.5,999.85,6.50,
571,2025/01/21 10:54:35,21.09,39.7,999.83,6.86,
572,2025/01/21 11:09:35,23.38,38.2,999.82,8.33,
573,2025/01/21 11:24:35,24.39,37.0,999.62,8.76,
574,2025/01/21 11:39:35,25.00,36.4,999.54,9.06,
575,2025/01/21 11:54:35,25.25,35.8,999.59,9.03,
576,2025/01/21 12:09:35,25.45,35.4,999.53,9.04,
577,2025/01/21 12:24:35,25.61,35.1,999.55,9.06,
578,2025/01/21 12:39:35,25.75,34.8,999.28,9.05,
579,2025/01/21 12:54:35,25.89,34.5,999.14,9.05,
580,2025/01/21 13:09:35,25.99,34.3,999.12,9.05,
581,2025/01/21 13:24:35,26.06,34.1,999.02,9.02,
582,2025/01/21 13:39:35,25.99,33.8,999.03,8.83,
583,2025/01/21 13:54:35,25.89,33.6,998.94,8.66,
584,2025/01/21 14:09:35,25.86,33.6,998.87,8.63,
585,2025/01/21 14:24:35,25.80,33.6,998.85,8.58,
586,2025/01/21 14:39:35,25.79,33.4,998.80,8.48,
587,2025/01/21 14:54:35,25.78,33.2,998.69,8.38,
588,2025/01/21 15:09:35,25.76,33.2,998.68,8.37,
589,2025/01/21 15:24:35,25.76,33.0,998.55,8.28,
590,2025/01/21 15:39:35,25.79,32.9,998.55,8.26,
591,2025/01/21 15:54:35,25.80,32.9,998.61,8.27,
592,2025/01/21 16:09:35,25.75,32.8,998.65,8.18,
593,2025/01/21 16:24:35,25.73,32.9,998.58,8.21,
594,2025/01/21 16:39:35,25.68,32.9,998.46,8.16,
595,2025/01/21 16:54:35,25.65,32.8,998.45,8.09,
596,2025/01/21 17:09:35,25.65,32.7,998.54,8.04,
597,2025/01/21 17:24:35,25.68,32.6,998.46,8.03,
598,2025/01/21 17:39:35,25.64,32.5,998.52,7.95,
599,2025/01/21 17:54:35,25.62,32.4,998.46,7.88,
600,2025/01/21 18:09:35,25.65,32.4,998.46,7.91,
601,2025/01/21 18:24:35,25.73,32.3,998.58,7.93,
602,2025/01/21 18:39:35,25.78,32.1,998.51,7.89,
603,2025/01/21 18:54:35,25.78,32.0,998.46,7.84,
604,2025/01/21 19:09:35,25.78,31.7,998.49,7.70,
605,2025/01/21 19:24:35,25.82,31.4,998.49,7.60,
606,2025/01/21 19:39:35,25.78,31.1,998.43,7.42,
607,2025/01/21 19:54:35,25.75,30.9,998.58,7.30,
608,2025/01/21 20:09:35,25.78,30.5,998.60,7.14,
609,2025/01/21 20:24:35,25.78,30.2,998.57,6.99,
610,2025/01/21 20:39:35,25.73,29.9,998.49,6.80,
611,2025/01/21 20:54:35,25.72,29.6,998.40,6.65,
612,2025/01/21 21:09:35,25.72,29.4,998.33,6.55,
613,2025/01/21 21:24:35,25.73,29.3,998.22,6.51,
614,2025/01/21 21:39:35,25.69,29.1,998.27,6.38,
615,2025/01/21 21:54:35,25.69,29.0,998.23,6.33,
616,2025/01/21 22:09:35,25.72,28.8,998.15,6.25,
617,2025/01/21 22:24:35,25.69,28.6,998.15,6.12,
618,2025/01/21 22:39:35,25.69,28.5,998.18,6.07,
619,2025/01/21 22:54:35,25.72,28.4,998.10,6.05,
620,2025/01/21 23:09:35,25.64,28.3,998.22,5.93,
621,2025/01/21 23:24:35,25.65,28.4,998.13,5.99,
622,2025/01/21 23:39:35,25.64,28.5,998.06,6.03,
623,2025/01/21 23:54:35,25.66,28.2,998.14,5.89,
624,2025/01/22 00:09:35,25.68,28.1,998.05,5.86,
625,2025/01/22 00:24:35,25.66,28.0,997.99,5.79,
626,2025/01/22 00:39:35,25.65,27.9,997.88,5.73,
627,2025/01/22 00:54:35,25.68,27.9,997.69,5.76,
628,2025/01/22 01:09:35,25.65,27.8,997.61,5.68,
629,2025/01/22 01:24:35,25.64,27.7,997.58,5.62,
630,2025/01/22 01:39:35,25.61,27.9,997.61,5.70,
631,2025/01/22 01:54:35,25.57,27.8,997.46,5.61,
632,2025/01/22 02:09:35,25.58,27.6,997.45,5.51,
633,2025/01/22 02:24:35,25.61,27.4,997.43,5.43,
634,2025/01/22 02:39:35,25.59,27.3,997.34,5.37,
635,2025/01/22 02:54:35,25.52,27.2,997.16,5.25,
636,2025/01/22 03:09:35,25.49,27.0,997.04,5.12,
637,2025/01/22 03:24:35,25.48,27.0,996.88,5.11,
638,2025/01/22 03:39:35,25.43,26.9,996.82,5.02,
639,2025/01/22 03:54:35,25.43,26.8,996.76,4.96,
640,2025/01/22 04:09:35,25.46,26.7,996.74,4.93,
641,2025/01/22 04:24:35,25.45,26.6,996.69,4.87,
642,2025/01/22 04:39:35,25.45,26.6,996.56,4.87,
643,2025/01/22 04:54:35,25.45,26.5,996.48,4.82,
644,2025/01/22 05:09:35,25.45,26.5,996.45,4.82,
645,2025/01/22 05:24:35,25.42,26.5,996.47,4.79,
646,2025/01/22 05:39:35,25.41,26.4,996.33,4.73,
647,2025/01/22 05:54:35,25.38,26.4,996.33,4.71,
648,2025/01/22 06:09:35,25.38,26.3,996.40,4.65,
649,2025/01/22 06:24:35,25.34,26.3,996.49,4.62,
650,2025/01/22 06:39:35,25.32,26.2,996.51,4.54,
651,2025/01/22 06:54:35,25.35,26.1,996.37,4.51,
652,2025/01/22 07:09:35,25.32,26.3,996.35,4.60,
653,2025/01/22 07:24:35,25.35,26.7,996.28,4.84,
654,2025/01/22 07:39:35,25.38,26.9,996.30,4.97,
655,2025/01/22 07:54:35,25.41,27.1,996.31,5.11,
656,2025/01/22 08:09:35,25.34,27.2,996.30,5.10,
657,2025/01/22 08:24:35,25.35,27.3,996.48,5.16,
658,2025/01/22 08:39:35,25.32,27.4,996.44,5.19,
659,2025/01/22 08:54:35,25.31,27.5,996.47,5.23,
660,2025/01/22 09:09:35,25.28,27.6,996.32,5.26,
661,2025/01/22 09:24:35,25.38,27.7,996.20,5.39,
662,2025/01/22 09:39:35,25.39,27.8,996.27,5.46,
663,2025/01/22 09:54:35,25.39,27.9,996.24,5.51,
664,2025/01/22 10:09:35,25.41,27.9,996.42,5.53,
665,2025/01/22 10:24:35,25.42,28.1,996.42,5.64,
666,2025/01/22 10:39:35,25.42,28.1,996.36,5.64,
667,2025/01/22 10:54:35,25.43,28.2,996.39,5.70,
668,2025/01/22 11:09:35,25.42,28.3,996.29,5.74,
669,2025/01/22 11:24:35,25.42,28.4,996.20,5.79,
670,2025/01/22 11:39:35,25.46,28.5,996.02,5.88,
671,2025/01/22 11:54:35,25.46,28.6,995.87,5.93,
672,2025/01/22 12:09:35,25.49,28.7,995.79,6.00,
673,2025/01/22 12:24:35,25.50,28.8,995.53,6.06,
674,2025/01/22 12:39:35,25.50,28.8,995.35,6.06,
675,2025/01/22 12:54:35,25.55,28.8,995.20,6.10,
676,2025/01/22 13:09:35,25.59,28.9,995.01,6.19,
677,2025/01/22 13:24:35,25.55,28.9,994.86,6.15,
678,2025/01/22 13:39:35,25.61,29.0,994.83,6.26,
679,2025/01/22 13:54:35,25.86,29.0,994.71,6.47,
680,2025/01/22 14:09:35,25.97,28.9,994.61,6.52,
681,2025/01/22 14:24:35,26.00,28.9,994.40,6.54,
682,2025/01/22 14:39:35,26.09,28.8,994.41,6.57,
683,2025/01/22 14:54:35,26.10,28.8,994.33,6.58,
684,2025/01/22 15:09:35,26.12,28.8,994.45,6.59,
685,2025/01/22 15:24:35,26.15,28.7,994.37,6.57,
686,2025/01/22 15:39:35,26.16,28.6,994.22,6.53,
687,2025/01/22 15:54:35,26.15,28.7,994.24,6.57,
688,2025/01/22 16:09:35,26.16,28.7,994.25,6.58,
689,2025/01/22 16:24:35,26.13,28.9,994.11,6.65,
690,2025/01/22 16:39:35,26.12,29.0,994.05,6.70,
691,2025/01/22 16:54:35,26.07,29.0,994.15,6.65,
692,2025/01/22 17:09:35,26.16,28.9,994.15,6.68,
693,2025/01/22 17:24:35,26.09,29.0,994.15,6.67,
694,2025/01/22 17:39:35,26.10,29.0,994.07,6.68,
695,2025/01/22 17:54:35,26.12,28.9,994.08,6.64,
696,2025/01/22 18:09:35,26.09,28.8,994.10,6.57,
697,2025/01/22 18:24:35,26.03,28.6,994.14,6.42,
698,2025/01/22 18:39:35,26.03,28.5,994.15,6.37,
699,2025/01/22 18:54:35,26.04,28.4,994.09,6.32,
700,2025/01/22 19:09:35,26.07,28.2,993.99,6.25,
701,2025/01/22 19:24:35,26.09,28.1,994.04,6.21,
702,2025/01/22 19:39:35,26.06,28.0,993.93,6.13,
703,2025/01/22 19:54:35,26.09,27.8,993.71,6.06,
704,2025/01/22 20:09:35,26.09,27.7,993.58,6.00,
705,2025/01/22 20:24:35,26.12,27.6,993.53,5.98,
706,2025/01/22 20:39:35,26.13,27.5,993.50,5.93,
707,2025/01/22 20:54:35,26.17,27.4,993.45,5.91,
708,2025/01/22 21:09:35,26.20,27.3,993.38,5.89,
709,2025/01/22 21:24:35,26.23,27.3,993.21,5.91,
710,2025/01/22 21:39:35,26.24,27.2,993.26,5.87,
711,2025/01/22 21:54:35,26.24,27.0,993.02,5.76,
712,2025/01/22 22:09:35,26.23,27.0,992.83,5.75,
713,2025/01/22 22:24:35,26.27,27.0,992.87,5.79,
714,2025/01/22 22:39:35,26.23,27.0,992.66,5.75,
715,2025/01/22 22:54:35,26.19,27.0,992.51,5.72,
716,2025/01/22 23:09:35,26.21,27.0,992.36,5.74,
717,2025/01/22 23:24:35,26.19,27.0,992.17,5.72,
718,2025/01/22 23:39:35,26.15,26.9,992.20,5.63,
719,2025/01/22 23:54:35,26.16,26.9,992.05,5.64,
720,2025/01/23 00:09:35,26.13,26.8,992.07,5.56,
721,2025/01/23 00:24:35,26.12,26.8,992.06,5.55,
722,2025/01/23 00:39:35,26.06,26.8,992.09,5.50,
723,2025/01/23 00:54:35,26.04,26.6,991.95,5.38,
724,2025/01/23 01:09:35,25.99,26.6,991.92,5.33,
725,2025/01/23 01:24:35,25.89,26.5,991.57,5.19,
726,2025/01/23 01:39:35,25.83,26.5,991.22,5.14,
727,2025/01/23 01:54:35,25.82,26.5,990.96,5.13,
728,2025/01/23 02:09:35,25.80,26.5,990.69,5.12,
729,2025/01/23 02:24:35,25.76,26.4,990.50,5.03,
730,2025/01/23 02:39:35,25.79,26.4,990.40,5.05,
731,2025/01/23 02:54:35,25.79,26.4,990.57,5.05,
732,2025/01/23 03:09:35,25.79,26.4,990.37,5.05,
733,2025/01/23 03:24:35,25.75,26.3,990.11,4.96,
734,2025/01/23 03:39:35,25.78,26.3,990.01,4.99,
735,2025/01/23 03:54:35,25.75,26.4,989.77,5.02,
736,2025/01/23 04:09:35,25.73,26.5,989.79,5.06,
737,2025/01/23 04:24:35,25.75,26.5,989.70,5.07,
738,2025/01/23 04:39:35,25.75,26.7,989.45,5.18,
739,2025/01/23 04:54:35,25.72,26.6,989.19,5.10,
740,2025/01/23 05:09:35,25.70,26.7,988.88,5.14,
741,2025/01/23 05:24:35,25.65,26.7,988.81,5.10,
742,2025/01/23 05:39:35,25.64,26.8,988.37,5.14,
743,2025/01/23 05:54:35,25.62,26.7,988.16,5.07,
744,2025/01/23 06:09:35,25.59,26.6,987.99,4.99,
745,2025/01/23 06:24:35,25.52,26.3,987.75,4.77,
746,2025/01/23 06:39:35,25.42,26.3,987.51,4.68,
747,2025/01/23 06:54:35,25.39,26.3,987.13,4.66,
748,2025/01/23 07:09:35,25.31,26.5,986.96,4.70,
749,2025/01/23 07:24:35,25.28,26.8,986.82,4.83,
750,2025/01/23 07:39:35,25.32,27.0,986.62,4.98,
751,2025/01/23 07:54:35,25.37,27.2,986.43,5.13,
752,2025/01/23 08:09:35,25.46,27.2,986.16,5.20,
753,2025/01/23 08:24:35,25.49,27.3,985.96,5.28,
754,2025/01/23 08:39:35,25.55,27.3,985.76,5.33,
755,2025/01/23 08:54:35,25.53,27.4,985.63,5.37,
756,2025/01/23 09:09:35,25.53,27.5,985.30,5.42,
757,2025/01/23 09:24:35,25.57,27.5,985.09,5.45,
758,2025/01/23 09:39:35,25.57,27.7,984.85,5.56,
759,2025/01/23 09:54:35,25.57,27.8,984.61,5.61,
760,2025/01/23 10:09:35,25.62,27.9,984.26,5.71,
761,2025/01/23 10:24:35,25.66,28.1,984.01,5.84,
762,2025/01/23 10:39:35,25.66,28.2,983.89,5.89,
763,2025/01/23 10:54:35,25.69,28.3,983.75,5.97,
764,2025/01/23 11:09:35,25.70,28.4,983.39,6.03,
765,2025/01/23 11:24:35,25.68,28.5,983.05,6.06,
766,2025/01/23 11:39:35,25.65,28.5,982.75,6.04,
767,2025/01/23 11:54:35,25.59,28.7,982.42,6.09,
768,2025/01/23 12:09:35,25.65,28.6,982.21,6.09,
769,2025/01/23 12:24:35,25.68,28.6,981.98,6.12,
770,2025/01/23 12:39:35,25.69,28.6,981.86,6.12,
771,2025/01/23 12:54:35,25.80,28.6,981.58,6.22,
772,2025/01/23 13:09:35,25.88,28.6,981.32,6.29,
773,2025/01/23 13:24:35,25.92,28.6,981.26,6.32,
774,2025/01/23 13:39:35,25.93,28.6,981.29,6.33,
775,2025/01/23 13:54:35,25.97,28.6,981.21,6.36,
776,2025/01/23 14:09:35,25.99,28.6,981.01,6.38,
777,2025/01/23 14:24:35,25.97,28.7,980.85,6.42,
778,2025/01/23 14:39:35,26.00,28.6,980.81,6.39,
779,2025/01/23 14:54:35,26.06,28.6,980.93,6.44,
780,2025/01/23 15:09:35,26.13,28.5,980.98,6.45,
781,2025/01/23 15:24:35,26.16,28.5,980.96,6.48,
782,2025/01/23 15:39:35,26.16,28.7,981.01,6.58,
783,2025/01/23 15:54:35,26.47,28.7,981.04,6.84,
784,2025/01/23 16:09:35,26.91,29.1,981.09,7.42,
785,2025/01/23 16:24:35,27.50,28.5,981.20,7.63,
786,2025/01/23 16:39:35,27.70,28.2,981.29,7.64,
787,2025/01/23 16:54:35,27.87,28.0,981.31,7.68,
788,2025/01/23 17:09:35,27.91,27.9,981.34,7.67,
789,2025/01/23 17:24:35,27.97,27.8,981.27,7.67,
790,2025/01/23 17:39:35,28.00,27.8,980.97,7.69,
791,2025/01/23 17:54:35,28.10,27.6,981.15,7.67,
792,2025/01/23 18:09:35,28.10,27.5,981.43,7.62,
793,2025/01/23 18:24:35,28.02,27.4,981.74,7.50,
794,2025/01/23 18:39:35,27.98,27.3,981.78,7.41,
795,2025/01/23 18:54:35,28.05,27.1,981.88,7.36,
796,2025/01/23 19:09:35,28.12,26.9,981.95,7.31,
797,2025/01/23 19:24:35,28.18,26.7,982.04,7.25,
798,2025/01/23 19:39:35,28.14,26.5,981.98,7.11,
799,2025/01/23 19:54:35,28.07,26.5,982.12,7.05,
800,2025/01/23 20:09:35,28.00,26.4,981.92,6.93,
801,2025/01/23 20:24:35,27.97,26.4,982.18,6.91,
802,2025/01/23 20:39:35,27.94,26.3,982.41,6.83,
803,2025/01/23 20:54:35,27.96,26.3,982.06,6.85,
804,2025/01/23 21:09:35,27.96,26.2,981.96,6.79,
805,2025/01/23 21:24:35,27.98,26.0,981.97,6.70,
806,2025/01/23 21:39:35,27.96,25.9,981.79,6.62,
807,2025/01/23 21:54:35,27.91,26.0,981.75,6.64,
808,2025/01/23 22:09:35,27.74,25.9,981.69,6.44,
809,2025/01/23 22:24:35,27.61,25.9,981.58,6.33,
810,2025/01/23 22:39:35,27.47,26.0,981.55,6.26,
811,2025/01/23 22:54:35,27.43,26.1,981.27,6.28,
812,2025/01/23 23:09:35,27.32,26.1,981.19,6.19,
813,2025/01/23 23:24:35,27.29,26.1,980.68,6.17,
814,2025/01/23 23:39:35,27.23,26.2,980.38,6.17,
815,2025/01/23 23:54:35,27.22,26.2,979.76,6.16,
816,2025/01/24 00:09:35,27.22,26.3,979.40,6.22,
817,2025/01/24 00:24:35,27.19,26.3,979.05,6.19,
818,2025/01/24 00:39:35,27.13,26.3,978.65,6.14,
819,2025/01/24 00:54:35,27.12,26.4,977.86,6.19,
820,2025/01/24 01:09:35,27.00,26.4,976.94,6.08,
821,2025/01/24 01:24:35,26.96,26.4,975.94,6.05,
822,2025/01/24 01:39:35,26.89,26.5,975.55,6.04,
823,2025/01/24 01:54:35,26.85,26.4,974.48,5.96,
824,2025/01/24 02:09:35,26.87,26.5,973.82,6.03,
825,2025/01/24 02:24:35,26.88,26.4,972.88,5.98,
826,2025/01/24 02:39:35,26.89,26.4,971.92,5.99,
827,2025/01/24 02:54:35,26.89,26.4,970.76,5.99,
828,2025/01/24 03:09:35,26.88,26.4,969.29,5.98,
829,2025/01/24 03:24:35,26.81,26.4,967.82,5.92,
830,2025/01/24 03:39:35,26.79,26.4,966.85,5.91,
831,2025/01/24 03:54:35,26.73,26.3,965.21,5.80,
832,2025/01/24 04:09:35,26.71,26.3,964.00,5.78,
833,2025/01/24 04:24:35,26.73,26.3,963.00,5.80,
834,2025/01/24 04:39:35,26.70,26.2,962.00,5.72,
835,2025/01/24 04:54:35,26.74,26.2,961.01,5.75,
836,2025/01/24 05:09:35,26.75,26.2,960.02,5.76,
837,2025/01/24 05:24:35,26.67,26.2,958.65,5.69,
838,2025/01/24 05:39:35,26.61,26.2,957.71,5.64,
839,2025/01/24 05:54:35,26.52,26.2,957.12,5.57,
840,2025/01/24 06:09:35,26.54,26.2,956.20,5.58,
841,2025/01/24 06:24:35,26.50,26.2,955.39,5.55,
842,2025/01/24 06:39:35,26.54,26.3,955.29,5.64,
843,2025/01/24 06:54:35,26.64,26.2,954.89,5.67,
844,2025/01/24 07:09:35,26.68,26.2,955.04,5.70,
845,2025/01/24 07:24:35,26.75,26.2,954.37,5.76,
846,2025/01/24 07:39:35,26.79,26.2,954.17,5.79,
847,2025/01/24 07:54:35,26.78,26.2,953.45,5.79,
848,2025/01/24 08:09:35,26.84,26.1,952.84,5.78,
849,2025/01/24 08:24:35,26.89,26.0,952.05,5.77,
850,2025/01/24 08:39:35,26.99,25.8,951.75,5.74,
851,2025/01/24 08:54:35,27.02,25.7,951.59,5.71,
852,2025/01/24 09:09:35,27.04,25.6,951.24,5.67,
853,2025/01/24 09:24:35,27.02,25.5,951.09,5.60,
854,2025/01/24 09:39:35,26.96,25.5,951.02,5.55,
855,2025/01/24 09:54:35,26.96,25.4,950.95,5.49,
856,2025/01/24 10:09:35,26.98,25.4,951.49,5.51,
857,2025/01/24 10:24:35,27.02,25.4,951.56,5.54,
858,2025/01/24 10:39:35,27.02,25.5,951.30,5.60,
859,2025/01/24 10:54:35,27.00,25.5,951.64,5.58,
860,2025/01/24 11:09:35,27.05,25.4,951.84,5.57,
861,2025/01/24 11:24:35,27.05,25.4,952.13,5.57,
862,2025/01/24 11:39:35,26.99,25.4,952.73,5.52,
863,2025/01/24 11:54:35,26.94,25.4,953.26,5.47,
864,2025/01/24 12:09:35,26.85,25.4,953.76,5.40,
865,2025/01/24 12:24:35,26.82,25.4,953.86,5.37,
866,2025/01/24 12:39:35,26.82,25.4,954.33,5.37,
867,2025/01/24 12:54:35,26.79,25.5,955.01,5.40,
868,2025/01/24 13:09:35,26.74,25.4,955.68,5.31,
869,2025/01/24 13:24:35,26.74,25.4,956.55,5.31,
870,2025/01/24 13:39:35,26.73,25.4,957.00,5.30,
871,2025/01/24 13:54:35,26.75,25.4,958.10,5.31,
872,2025/01/24 14:09:35,26.75,25.4,958.97,5.31,
873,2025/01/24 14:24:35,26.74,25.4,959.93,5.31,
874,2025/01/24 14:39:35,26.73,25.4,960.23,5.30,
875,2025/01/24 14:54:35,26.77,25.3,961.18,5.27,
876,2025/01/24 15:09:35,26.85,25.2,962.05,5.29,
877,2025/01/24 15:24:35,26.87,25.0,962.40,5.19,
878,2025/01/24 15:39:35,26.92,25.0,963.35,5.23,
879,2025/01/24 15:54:35,26.98,24.8,963.80,5.17,
880,2025/01/24 16:09:35,27.00,24.6,964.58,5.07,
881,2025/01/24 16:24:35,26.99,24.3,965.38,4.88,
882,2025/01/24 16:39:35,26.95,24.2,966.07,4.79,
883,2025/01/24 16:54:35,26.85,24.0,966.60,4.58,
884,2025/01/24 17:09:35,26.73,23.9,967.36,4.42,
885,2025/01/24 17:24:35,26.61,23.9,967.76,4.32,
886,2025/01/24 17:39:35,26.54,23.9,968.58,4.26,
887,2025/01/24 17:54:35,26.50,23.6,969.07,4.05,
888,2025/01/24 18:09:35,26.50,23.6,969.72,4.05,
889,2025/01/24 18:24:35,26.54,23.4,970.35,3.96,
890,2025/01/24 18:39:35,26.59,23.3,971.25,3.94,
891,2025/01/24 18:54:35,26.65,23.2,971.82,3.93,
892,2025/01/24 19:09:35,26.70,23.1,971.70,3.91,
893,2025/01/24 19:24:35,26.77,23.1,971.84,3.97,
894,2025/01/24 19:39:35,26.81,23.1,972.35,4.00,
895,2025/01/24 19:54:35,26.85,22.9,972.53,3.92,
896,2025/01/24 20:09:35,26.87,22.9,972.74,3.93,
897,2025/01/24 20:24:35,26.89,22.7,973.09,3.82,
898,2025/01/24 20:39:35,26.82,22.7,973.55,3.77,
899,2025/01/24 20:54:35,26.73,22.6,973.76,3.63,
900,2025/01/24 21:09:35,26.62,22.7,974.07,3.60,
901,2025/01/24 21:24:35,26.61,22.6,974.42,3.53,
902,2025/01/24 21:39:35,26.54,22.5,974.95,3.40,
903,2025/01/24 21:54:35,26.51,22.5,975.17,3.38,
904,2025/01/24 22:09:35,26.50,22.7,975.82,3.50,
905,2025/01/24 22:24:35,26.50,22.9,976.47,3.62,
906,2025/01/24 22:39:35,26.41,23.0,976.64,3.61,
907,2025/01/24 22:54:35,26.36,23.2,976.77,3.69,
908,2025/01/24 23:09:35,26.31,23.2,976.89,3.65,
909,2025/01/24 23:24:35,26.30,23.3,976.53,3.70,
910,2025/01/24 23:39:35,26.30,23.4,976.88,3.76,
911,2025/01/24 23:54:35,26.37,23.3,977.33,3.76,
912,2025/01/25 00:09:35,26.37,23.4,977.67,3.82,
913,2025/01/25 00:24:35,26.40,23.4,978.26,3.85,
914,2025/01/25 00:39:35,26.45,23.3,978.55,3.83,
915,2025/01/25 00:54:35,26.48,23.3,979.31,3.85,
916,2025/01/25 01:09:35,26.48,23.3,979.41,3.85,
917,2025/01/25 01:24:35,26.48,23.3,979.35,3.85,
918,2025/01/25 01:39:35,26.44,23.3,979.62,3.82,
919,2025/01/25 01:54:35,26.47,23.2,979.39,3.78,
920,2025/01/25 02:09:35,26.51,23.2,979.51,3.81,
921,2025/01/25 02:24:35,26.54,23.2,979.85,3.84,
922,2025/01/25 02:39:35,26.51,23.2,979.93,3.81,
923,2025/01/25 02:54:35,26.57,23.1,979.73,3.80,
924,2025/01/25 03:09:35,26.54,23.1,979.55,3.78,
925,2025/01/25 03:24:35,26.55,23.1,979.49,3.79,
926,2025/01/25 03:39:35,26.55,23.0,979.52,3.73,
927,2025/01/25 03:54:35,26.50,23.0,979.57,3.68,
928,2025/01/25 04:09:35,26.44,23.0,980.14,3.63,
929,2025/01/25 04:24:35,26.44,22.9,980.32,3.57,
930,2025/01/25 04:39:35,26.41,23.0,980.21,3.61,
931,2025/01/25 04:54:35,26.44,23.0,980.54,3.63,
932,2025/01/25 05:09:35,26.45,22.9,980.91,3.58,
933,2025/01/25 05:24:35,26.43,22.9,980.85,3.56,
934,2025/01/25 05:39:35,26.38,23.0,980.99,3.58,
935,2025/01/25 05:54:35,26.40,23.0,981.53,3.60,
936,2025/01/25 06:09:35,26.40,23.0,981.78,3.60,
937,2025/01/25 06:24:35,26.41,23.1,981.91,3.67,
938,2025/01/25 06:39:35,26.38,23.2,982.42,3.71,
939,2025/01/25 06:54:35,26.37,23.2,982.58,3.70,
940,2025/01/25 07:09:35,26.34,23.3,982.53,3.73,
941,2025/01/25 07:24:35,26.31,23.4,982.65,3.77,
942,2025/01/25 07:39:35,26.24,23.4,982.96,3.71,
943,2025/01/25 07:54:35,26.19,23.4,983.50,3.67,
944,2025/01/25 08:09:35,26.17,23.4,984.11,3.65,
945,2025/01/25 08:24:35,26.16,23.4,984.64,3.64,
946,2025/01/25 08:39:35,26.13,23.5,984.50,3.68,
947,2025/01/25 08:54:35,26.12,23.6,984.72,3.73,
948,2025/01/25 09:09:35,26.07,23.7,985.30,3.75,
949,2025/01/25 09:24:35,26.03,23.6,985.75,3.65,
950,2025/01/25 09:39:35,26.04,23.6,985.97,3.66,
951,2025/01/25 09:54:35,26.02,23.8,986.28,3.77,
952,2025/01/25 10:09:35,26.00,23.8,987.14,3.75,
953,2025/01/25 10:24:35,25.97,23.9,986.92,3.78,
954,2025/01/25 10:39:35,25.93,23.9,987.19,3.75,
955,2025/01/25 10:54:35,25.89,24.0,987.60,3.78,
956,2025/01/25 11:09:35,25.95,24.0,987.96,3.83,
957,2025/01/25 11:24:35,26.00,24.0,988.03,3.87,
958,2025/01/25 11:39:35,26.06,24.0,988.17,3.92,
959,2025/01/25 11:54:35,26.13,24.1,988.37,4.04,
960,2025/01/25 12:09:35,26.20,24.0,988.57,4.04,
961,2025/01/25 12:24:35,26.24,24.0,988.48,4.07,
962,2025/01/25 12:39:35,26.34,24.0,988.54,4.16,
963,2025/01/25 12:54:35,26.43,23.9,988.61,4.17,
964,2025/01/25 13:09:35,26.50,23.9,988.72,4.23,
965,2025/01/25 13:24:35,26.55,23.8,988.95,4.21,
966,2025/01/25 13:39:35,26.51,23.8,989.29,4.18,
967,2025/01/25 13:54:35,26.51,23.8,989.65,4.18,
968,2025/01/25 14:09:35,26.51,23.8,989.83,4.18,
969,2025/01/25 14:24:35,26.51,23.8,989.93,4.18,
970,2025/01/25 14:39:35,26.55,23.9,990.03,4.27,
971,2025/01/25 14:54:35,26.52,24.0,990.18,4.31,
972,2025/01/25 15:09:35,26.54,24.1,990.12,4.38,
973,2025/01/25 15:24:35,26.52,24.1,990.28,4.37,
974,2025/01/25 15:39:35,26.55,24.2,990.40,4.45,
975,2025/01/25 15:54:35,26.62,24.1,990.39,4.45,
976,2025/01/25 16:09:35,26.55,24.1,990.52,4.39,
977,2025/01/25 16:24:35,26.50,24.1,990.62,4.35,
978,2025/01/25 16:39:35,26.37,24.2,990.40,4.30,
979,2025/01/25 16:54:35,26.21,24.2,990.60,4.16,
980,2025/01/25 17:09:35,26.16,24.2,990.42,4.12,
981,2025/01/25 17:24:35,26.15,24.3,990.30,4.17,
982,2025/01/25 17:39:35,26.16,24.3,990.49,4.18,
983,2025/01/25 17:54:35,26.15,24.2,990.72,4.11,
984,2025/01/25 18:09:35,26.16,24.1,990.61,4.06,
985,2025/01/25 18:24:35,26.12,24.0,990.51,3.97,
986,2025/01/25 18:39:35,26.09,24.0,990.52,3.94,
987,2025/01/25 18:54:35,26.19,24.1,990.56,4.09,
988,2025/01/25 19:09:35,26.28,24.1,990.54,4.16,
989,2025/01/25 19:24:35,26.40,24.1,990.42,4.26,
990,2025/01/25 19:39:35,26.50,24.1,990.18,4.35,
991,2025/01/25 19:54:35,26.52,24.1,989.71,4.37,
992,2025/01/25 20:09:35,26.47,24.1,989.47,4.32,
993,2025/01/25 20:24:35,26.41,24.2,989.29,4.33,
994,2025/01/25 20:39:35,26.41,24.1,989.52,4.27,
995,2025/01/25 20:54:35,26.43,24.2,989.35,4.35,
996,2025/01/25 21:09:35,26.55,24.2,989.24,4.45,
997,2025/01/25 21:24:35,26.52,24.2,988.86,4.42,
998,2025/01/25 21:39:35,26.48,24.2,988.76,4.39,
999,2025/01/25 21:54:35,26.51,24.2,988.51,4.42,
1000,2025/01/25 22:09:35,26.57,24.2,988.05,4.47,
1001,2025/01/25 22:24:35,26.57,24.1,987.71,4.41,
1002,2025/01/25 22:39:35,26.57,24.1,988.41,4.41,
1003,2025/01/25 22:54:35,26.45,23.9,987.95,4.19,
1004,2025/01/25 23:09:35,26.40,24.0,988.15,4.21,
1005,2025/01/25 23:24:35,26.31,24.1,988.26,4.19,
1006,2025/01/25 23:39:35,26.31,24.1,988.22,4.19,
1007,2025/01/25 23:54:35,26.33,24.2,988.09,4.26,
1008,2025/01/26 00:09:35,26.34,24.2,987.94,4.27,
1009,2025/01/26 00:24:35,26.36,24.2,987.99,4.29,
1010,2025/01/26 00:39:35,26.38,24.2,988.01,4.31,
1011,2025/01/26 00:54:35,26.38,24.2,987.73,4.31,
1012,2025/01/26 01:09:35,26.41,24.3,987.83,4.39,
1013,2025/01/26 01:24:35,26.45,24.2,987.59,4.37,
1014,2025/01/26 01:39:35,26.43,24.2,987.55,4.35,
1015,2025/01/26 01:54:35,26.48,24.2,987.43,4.39,
1016,2025/01/26 02:09:35,26.52,24.2,987.41,4.42,
1017,2025/01/26 02:24:35,26.48,24.2,987.48,4.39,
1018,2025/01/26 02:39:35,26.44,24.2,987.42,4.36,
1019,2025/01/26 02:54:35,26.48,24.1,987.45,4.33,
1020,2025/01/26 03:09:35,26.45,24.1,987.34,4.31,
1021,2025/01/26 03:24:35,26.48,24.1,987.25,4.33,
1022,2025/01/26 03:39:35,26.50,24.0,986.90,4.29,
1023,2025/01/26 03:54:35,26.48,24.0,986.66,4.27,
1024,2025/01/26 04:09:35,26.47,23.9,986.39,4.21,
1025,2025/01/26 04:24:35,26.47,23.9,986.48,4.21,
1026,2025/01/26 04:39:35,26.47,23.9,986.62,4.21,
1027,2025/01/26 04:54:35,26.48,23.8,986.53,4.15,
1028,2025/01/26 05:09:35,26.47,23.8,986.53,4.14,
1029,2025/01/26 05:24:35,26.45,23.8,986.52,4.13,
1030,2025/01/26 05:39:35,26.44,23.8,986.39,4.12,
1031,2025/01/26 05:54:35,26.43,23.7,986.28,4.05,
1032,2025/01/26 06:09:35,26.43,23.6,986.17,3.99,
1033,2025/01/26 06:24:35,26.37,23.6,986.09,3.94,
1034,2025/01/26 06:39:35,26.37,23.6,985.99,3.94,
1035,2025/01/26 06:54:35,26.33,23.5,985.62,3.85,
1036,2025/01/26 07:09:35,26.30,23.5,985.59,3.82,
1037,2025/01/26 07:24:35,26.28,23.5,985.58,3.81,
1038,2025/01/26 07:39:35,26.23,23.6,985.50,3.82,
1039,2025/01/26 07:54:35,26.19,23.6,985.42,3.79,
1040,2025/01/26 08:09:35,26.19,23.7,985.27,3.85,
1041,2025/01/26 08:24:35,26.17,23.7,985.27,3.83,
1042,2025/01/26 08:39:35,26.16,23.7,984.99,3.82,
1043,2025/01/26 08:54:35,26.15,23.7,984.86,3.82,
1044,2025/01/26 09:09:35,26.10,23.7,984.65,3.77,
1045,2025/01/26 09:24:35,26.06,23.7,984.69,3.74,
1046,2025/01/26 09:39:35,26.06,23.7,984.58,3.74,
1047,2025/01/26 09:54:35,25.96,23.8,984.37,3.72,
1048,2025/01/26 10:09:35,25.89,23.8,984.25,3.66,
1049,2025/01/26 10:24:35,25.85,23.8,984.37,3.62,
1050,2025/01/26 10:39:35,25.85,23.9,984.08,3.68,
1051,2025/01/26 10:54:35,25.85,24.0,983.80,3.74,
1052,2025/01/26 11:09:35,25.86,24.1,983.33,3.81,
1053,2025/01/26 11:24:35,25.90,24.2,983.18,3.90,
1054,2025/01/26 11:39:35,25.97,24.2,982.48,3.96,
1055,2025/01/26 11:54:35,25.99,24.1,982.21,3.92,
1056,2025/01/26 12:09:35,26.07,24.1,981.61,3.99,
1057,2025/01/26 12:24:35,26.13,24.1,981.19,4.04,
1058,2025/01/26 12:39:35,26.20,24.1,981.00,4.10,
1059,2025/01/26 12:54:35,26.21,24.2,981.02,4.16,
1060,2025/01/26 13:09:35,26.21,24.1,980.69,4.11,
1061,2025/01/26 13:24:35,26.16,24.1,980.61,4.06,
1062,2025/01/26 13:39:35,26.15,24.1,979.99,4.05,
1063,2025/01/26 13:54:35,26.15,24.1,979.21,4.05,
1064,2025/01/26 14:09:35,26.15,24.2,978.81,4.11,
1065,2025/01/26 14:24:35,26.10,24.2,978.17,4.07,
1066,2025/01/26 14:39:35,26.07,24.2,977.60,4.05,
1067,2025/01/26 14:54:35,26.09,24.3,976.99,4.12,
1068,2025/01/26 15:09:35,26.12,24.3,976.45,4.15,
1069,2025/01/26 15:24:35,26.13,24.4,976.09,4.21,
1070,2025/01/26 15:39:35,26.12,24.4,975.75,4.21,
1071,2025/01/26 15:54:35,26.09,24.4,975.13,4.18,
1072,2025/01/26 16:09:35,26.07,24.5,974.61,4.22,
1073,2025/01/26 16:24:35,26.03,24.5,974.08,4.19,
1074,2025/01/26 16:39:35,26.02,24.6,973.57,4.24,
1075,2025/01/26 16:54:35,26.03,24.6,973.26,4.25,
1076,2025/01/26 17:09:35,26.02,24.7,972.76,4.29,
1077,2025/01/26 17:24:35,26.03,24.8,972.20,4.36,
1078,2025/01/26 17:39:35,26.02,24.9,971.67,4.41,
1079,2025/01/26 17:54:35,26.03,24.9,971.13,4.42,
1080,2025/01/26 18:09:35,26.03,25.0,970.69,4.48,
1081,2025/01/26 18:24:35,26.09,24.9,970.40,4.47,
1082,2025/01/26 18:39:35,26.12,24.9,970.01,4.50,
1083,2025/01/26 18:54:35,26.20,24.8,969.64,4.50,
1084,2025/01/26 19:09:35,26.26,24.8,969.06,4.56,
1085,2025/01/26 19:24:35,26.31,24.7,968.75,4.54,
1086,2025/01/26 19:39:35,26.31,24.7,968.52,4.54,
1087,2025/01/26 19:54:35,26.36,24.7,968.20,4.58,
1088,2025/01/26 20:09:35,26.38,24.6,968.05,4.54,
1089,2025/01/26 20:24:35,26.41,24.6,967.75,4.57,
1090,2025/01/26 20:39:35,26.41,24.6,967.46,4.57,
1091,2025/01/26 20:54:35,26.40,24.6,967.21,4.56,
1092,2025/01/26 21:09:35,26.43,24.6,967.12,4.58,
1093,2025/01/26 21:24:35,26.44,24.5,967.06,4.53,
1094,2025/01/26 21:39:35,26.48,24.5,966.93,4.57,
1095,2025/01/26 21:54:35,26.51,24.5,967.01,4.59,
1096,2025/01/26 22:09:35,26.55,24.4,966.87,4.57,
1097,2025/01/26 22:24:35,26.52,24.4,966.63,4.54,
1098,2025/01/26 22:39:35,26.51,24.4,966.60,4.54,
1099,2025/01/26 22:54:35,26.52,24.3,966.59,4.48,
1100,2025/01/26 23:09:35,26.57,24.3,966.56,4.53,
1101,2025/01/26 23:24:35,26.59,24.3,966.14,4.54,
1102,2025/01/26 23:39:35,26.59,24.3,965.95,4.54,
1103,2025/01/26 23:54:35,26.61,24.3,965.90,4.56,
1104,2025/01/27 00:09:35,26.54,24.3,965.82,4.50,
1105,2025/01/27 00:24:35,26.51,24.4,965.66,4.54,
1106,2025/01/27 00:39:35,26.51,24.4,965.57,4.54,
1107,2025/01/27 00:54:35,26.54,24.3,965.12,4.50,
1108,2025/01/27 01:09:35,26.57,24.3,964.98,4.53,
1109,2025/01/27 01:24:35,26.58,24.3,964.80,4.54,
1110,2025/01/27 01:39:35,26.59,24.3,964.41,4.54,
1111,2025/01/27 01:54:35,26.55,24.4,964.43,4.57,
1112,2025/01/27 02:09:35,26.48,24.4,964.35,4.51,
1113,2025/01/27 02:24:35,26.45,24.5,964.18,4.54,
1114,2025/01/27 02:39:35,26.44,24.4,963.95,4.47,
1115,2025/01/27 02:54:35,26.45,24.4,963.80,4.48,
1116,2025/01/27 03:09:35,26.47,24.5,963.66,4.56,
1117,2025/01/27 03:24:35,26.48,24.5,963.48,4.57,
1118,2025/01/27 03:39:35,26.43,24.6,963.17,4.58,
1119,2025/01/27 03:54:35,26.41,24.6,962.96,4.57,
1120,2025/01/27 04:09:35,26.44,24.6,962.84,4.59,
1121,2025/01/27 04:24:35,26.43,24.7,962.74,4.64,
1122,2025/01/27 04:39:35,26.40,24.7,962.61,4.62,
1123,2025/01/27 04:54:35,26.41,24.7,962.50,4.63,
1124,2025/01/27 05:09:35,26.40,24.7,962.40,4.62,
1125,2025/01/27 05:24:35,26.37,24.8,962.37,4.65,
1126,2025/01/27 05:39:35,26.33,24.8,962.25,4.62,
1127,2025/01/27 05:54:35,26.27,24.9,962.16,4.62,
1128,2025/01/27 06:09:35,26.24,24.9,961.95,4.60,
1129,2025/01/27 06:24:35,26.20,24.9,961.89,4.56,
1130,2025/01/27 06:39:35,26.19,24.9,961.99,4.55,
1131,2025/01/27 06:54:35,26.15,25.0,962.10,4.58,
1132,2025/01/27 07:09:35,26.10,25.0,962.19,4.54,
1133,2025/01/27 07:24:35,26.07,25.0,962.14,4.51,
1134,2025/01/27 07:39:35,26.00,25.2,962.26,4.57,
1135,2025/01/27 07:54:35,25.95,25.3,962.30,4.58,
1136,2025/01/27 08:09:35,25.90,25.4,962.30,4.59,
1137,2025/01/27 08:24:35,26.00,25.4,962.11,4.68,
1138,2025/01/27 08:39:35,25.99,25.4,962.28,4.67,
1139,2025/01/27 08:54:35,26.02,25.5,962.41,4.75,
1140,2025/01/27 09:09:35,26.04,25.5,962.54,4.77,
1141,2025/01/27 09:24:35,26.00,25.6,962.68,4.79,
1142,2025/01/27 09:39:35,25.96,25.6,962.61,4.76,
1143,2025/01/27 09:54:35,25.99,25.7,962.58,4.84,
1144,2025/01/27 10:09:35,25.97,25.7,962.46,4.82,
1145,2025/01/27 10:24:35,25.95,25.7,962.40,4.80,
1146,2025/01/27 10:39:35,25.97,25.8,962.47,4.88,
1147,2025/01/27 10:54:35,26.02,25.8,962.52,4.92,
1148,2025/01/27 11:09:35,26.03,25.9,962.52,4.98,
1149,2025/01/27 11:24:35,26.06,25.9,962.66,5.01,
1150,2025/01/27 11:39:35,26.09,26.0,962.65,5.09,
1151,2025/01/27 11:54:35,26.10,26.0,962.61,5.10,
1152,2025/01/27 12:09:35,26.10,26.1,962.69,5.15,
1153,2025/01/27 12:24:35,26.12,26.1,962.68,5.17,
1154,2025/01/27 12:39:35,26.13,26.2,962.58,5.23,
1155,2025/01/27 12:54:35,26.13,26.2,962.67,5.23,
1156,2025/01/27 13:09:35,26.10,26.2,962.53,5.21,
1157,2025/01/27 13:24:35,26.10,26.3,962.52,5.26,
1158,2025/01/27 13:39:35,26.07,26.3,962.42,5.24,
1159,2025/01/27 13:54:35,26.10,26.3,962.44,5.26,
1160,2025/01/27 14:09:35,26.26,26.4,962.45,5.45,
1161,2025/01/27 14:24:35,26.50,26.4,962.26,5.66,
1162,2025/01/27 14:39:35,26.58,26.3,962.55,5.67,
1163,2025/01/27 14:54:35,26.57,26.2,962.79,5.61,
1164,2025/01/27 15:09:35,26.51,26.1,962.70,5.50,
1165,2025/01/27 15:24:35,26.48,26.1,962.79,5.48,
1166,2025/01/27 15:39:35,26.48,26.1,962.90,5.48,
1167,2025/01/27 15:54:35,26.50,26.1,962.91,5.49,
1168,2025/01/27 16:09:35,26.51,26.1,963.10,5.50,
1169,2025/01/27 16:24:35,26.52,26.2,963.24,5.57,
1170,2025/01/27 16:39:35,26.50,26.2,963.42,5.55,
1171,2025/01/27 16:54:35,26.44,26.3,963.57,5.55,
1172,2025/01/27 17:09:35,26.41,26.3,963.77,5.53,
1173,2025/01/27 17:24:35,26.40,26.3,963.95,5.52,
1174,2025/01/27 17:39:35,26.43,26.3,963.98,5.54,
1175,2025/01/27 17:54:35,26.40,26.3,964.12,5.52,
1176,2025/01/27 18:09:35,26.44,26.3,964.37,5.55,
1177,2025/01/27 18:24:35,26.51,26.2,964.54,5.56,
1178,2025/01/27 18:39:35,26.50,26.2,964.66,5.55,
1179,2025/01/27 18:54:35,26.54,26.1,964.89,5.53,
1180,2025/01/27 19:09:35,26.61,26.1,965.11,5.59,
1181,2025/01/27 19:24:35,26.65,26.0,965.33,5.57,
1182,2025/01/27 19:39:35,26.75,25.9,965.51,5.59,
1183,2025/01/27 19:54:35,26.78,25.8,965.67,5.57,
1184,2025/01/27 20:09:35,26.85,25.8,965.73,5.62,
1185,2025/01/27 20:24:35,26.92,25.7,965.87,5.63,
1186,2025/01/27 20:39:35,26.98,25.6,965.99,5.62,
1187,2025/01/27 20:54:35,27.02,25.5,966.02,5.60,
1188,2025/01/27 21:09:35,27.10,25.4,966.26,5.61,
1189,2025/01/27 21:24:35,27.12,25.3,966.32,5.57,
1190,2025/01/27 21:39:35,27.13,25.2,966.36,5.52,
1191,2025/01/27 21:54:35,27.15,25.1,966.53,5.48,
1192,2025/01/27 22:09:35,27.13,25.0,966.76,5.41,
1193,2025/01/27 22:24:35,27.13,24.9,966.86,5.35,
1194,2025/01/27 22:39:35,27.15,24.9,967.10,5.37,
1195,2025/01/27 22:54:35,27.13,24.9,967.22,5.35,
1196,2025/01/27 23:09:35,27.04,25.0,967.34,5.33,
1197,2025/01/27 23:24:35,26.98,25.1,967.47,5.34,
1198,2025/01/27 23:39:35,26.94,25.1,967.66,5.30,
1199,2025/01/27 23:54:35,26.89,25.1,967.68,5.26,
1200,2025/01/28 00:09:35,26.79,25.1,967.92,5.18,
1201,2025/01/28 00:24:35,26.70,25.1,968.07,5.10,
1202,2025/01/28 00:39:35,26.65,25.2,968.20,5.12,
1203,2025/01/28 00:54:35,26.54,25.2,968.29,5.02,
1204,2025/01/28 01:09:35,26.48,25.2,968.29,4.97,
1205,2025/01/28 01:24:35,26.41,25.3,968.51,4.97,
1206,2025/01/28 01:39:35,26.38,25.4,968.51,5.00,
1207,2025/01/28 01:54:35,26.38,25.4,968.49,5.00,
1208,2025/01/28 02:09:35,26.38,25.4,968.61,5.00,
1209,2025/01/28 02:24:35,26.37,25.5,968.73,5.05,
1210,2025/01/28 02:39:35,26.37,25.5,968.98,5.05,
1211,2025/01/28 02:54:35,26.41,25.4,969.12,5.03,
1212,2025/01/28 03:09:35,26.43,25.5,969.28,5.10,
1213,2025/01/28 03:24:35,26.44,25.6,969.43,5.16,
1214,2025/01/28 03:39:35,26.43,25.6,969.44,5.16,
1215,2025/01/28 03:54:35,26.43,25.6,969.45,5.16,
1216,2025/01/28 04:09:35,26.43,25.7,969.65,5.21,
1217,2025/01/28 04:24:35,26.43,25.7,969.91,5.21,
1218,2025/01/28 04:39:35,26.43,25.7,970.08,5.21,
1219,2025/01/28 04:54:35,26.37,25.8,970.23,5.22,
1220,2025/01/28 05:09:35,26.36,25.8,970.44,5.21,
1221,2025/01/28 05:24:35,26.34,25.8,970.63,5.19,
1222,2025/01/28 05:39:35,26.30,25.9,970.90,5.21,
1223,2025/01/28 05:54:35,26.21,25.9,971.11,5.14,
1224,2025/01/28 06:09:35,26.15,26.0,971.27,5.14,
1225,2025/01/28 06:24:35,26.07,26.1,971.56,5.13,
1226,2025/01/28 06:39:35,26.06,26.0,971.82,5.06,
1227,2025/01/28 06:54:35,26.19,26.1,972.05,5.23,
1228,2025/01/28 07:09:35,26.27,26.1,972.28,5.30,
1229,2025/01/28 07:24:35,26.31,26.2,972.51,5.39,
1230,2025/01/28 07:39:35,26.33,26.3,972.85,5.46,
1231,2025/01/28 07:54:35,26.33,26.3,973.14,5.46,
1232,2025/01/28 08:09:35,26.26,26.3,973.48,5.40,
1233,2025/01/28 08:24:35,26.30,26.4,973.72,5.49,
1234,2025/01/28 08:39:35,26.28,26.4,973.94,5.47,
1235,2025/01/28 08:54:35,26.36,26.4,974.13,5.54,
1236,2025/01/28 09:09:35,26.37,26.4,974.38,5.55,
1237,2025/01/28 09:24:35,26.36,26.5,974.63,5.59,
1238,2025/01/28 09:39:35,26.34,26.5,974.73,5.58,
1239,2025/01/28 09:54:35,26.45,26.5,974.94,5.67,
1240,2025/01/28 10:09:35,26.52,26.4,975.05,5.67,
1241,2025/01/28 10:24:35,26.61,26.3,975.20,5.70,
1242,2025/01/28 10:39:35,26.64,26.3,975.39,5.72,
1243,2025/01/28 10:54:35,26.61,26.4,975.67,5.75,
1244,2025/01/28 11:09:35,26.61,26.4,975.70,5.75,
1245,2025/01/28 11:24:35,26.61,26.5,975.91,5.81,
1246,2025/01/28 11:39:35,26.64,26.6,976.15,5.89,
1247,2025/01/28 11:54:35,26.67,26.6,976.34,5.91,
1248,2025/01/28 12:09:35,26.64,26.6,976.39,5.89,
1249,2025/01/28 12:24:35,26.64,26.5,976.61,5.83,
1250,2025/01/28 12:39:35,26.59,26.6,976.80,5.84,
1251,2025/01/28 12:54:35,26.62,26.6,976.99,5.87,
1252,2025/01/28 13:09:35,26.70,26.6,977.21,5.94,
1253,2025/01/28 13:24:35,26.77,26.6,977.37,6.00,
1254,2025/01/28 13:39:35,26.75,26.6,977.37,5.98,
1255,2025/01/28 13:54:35,26.78,26.6,977.52,6.01,
1256,2025/01/28 14:09:35,26.74,26.6,977.64,5.97,
1257,2025/01/28 14:24:35,26.73,26.6,977.84,5.96,
1258,2025/01/28 14:39:35,26.70,26.6,977.96,5.94,
1259,2025/01/28 14:54:35,26.64,26.7,978.06,5.94,
1260,2025/01/28 15:09:35,26.64,26.7,978.25,5.94,
1261,2025/01/28 15:24:35,26.64,26.8,978.51,6.00,
1262,2025/01/28 15:39:35,26.65,26.8,978.68,6.00,
1263,2025/01/28 15:54:35,26.64,26.9,978.81,6.05,
1264,2025/01/28 16:09:35,26.61,26.9,978.98,6.02,
1265,2025/01/28 16:24:35,26.67,27.0,979.22,6.13,
1266,2025/01/28 16:39:35,26.64,26.9,979.43,6.05,
1267,2025/01/28 16:54:35,26.62,27.0,979.70,6.09,
1268,2025/01/28 17:09:35,26.65,27.0,979.94,6.11,
1269,2025/01/28 17:24:35,26.78,27.0,980.09,6.22,
1270,2025/01/28 17:39:35,26.87,26.9,980.25,6.25,
1271,2025/01/28 17:54:35,26.98,26.8,980.57,6.29,
1272,2025/01/28 18:09:35,27.12,26.7,980.78,6.35,
1273,2025/01/28 18:24:35,27.23,26.6,980.97,6.39,
1274,2025/01/28 18:39:35,27.38,26.5,981.08,6.46,
1275,2025/01/28 18:54:35,27.40,26.3,981.23,6.37,
1276,2025/01/28 19:09:35,27.35,26.2,981.33,6.27,
1277,2025/01/28 19:24:35,27.35,26.1,981.43,6.22,
1278,2025/01/28 19:39:35,27.38,26.1,981.55,6.24,
1279,2025/01/28 19:54:35,27.50,26.0,981.88,6.29,
1280,2025/01/28 20:09:35,27.60,25.8,981.90,6.26,
1281,2025/01/28 20:24:35,27.60,25.6,982.08,6.15,
1282,2025/01/28 20:39:35,27.60,25.6,982.10,6.15,
1283,2025/01/28 20:54:35,27.53,25.5,982.21,6.03,
1284,2025/01/28 21:09:35,27.56,25.5,982.33,6.06,
1285,2025/01/28 21:24:35,27.56,25.3,982.47,5.94,
1286,2025/01/28 21:39:35,27.55,25.1,982.72,5.82,
1287,2025/01/28 21:54:35,27.53,25.0,982.84,5.75,
1288,2025/01/28 22:09:35,27.50,24.8,982.98,5.60,
1289,2025/01/28 22:24:35,27.49,24.7,982.92,5.54,
1290,2025/01/28 22:39:35,27.42,24.6,983.03,5.42,
1291,2025/01/28 22:54:35,27.29,24.7,983.07,5.37,
1292,2025/01/28 23:09:35,27.15,24.9,983.26,5.37,
1293,2025/01/28 23:24:35,27.10,25.0,983.48,5.38,
1294,2025/01/28 23:39:35,27.05,25.1,983.68,5.40,
1295,2025/01/28 23:54:35,27.02,25.1,983.70,5.37,
1296,2025/01/29 00:09:35,26.99,25.2,983.86,5.40,
1297,2025/01/29 00:24:35,26.91,25.2,983.97,5.34,
1298,2025/01/29 00:39:35,26.85,25.3,983.99,5.34,
1299,2025/01/29 00:54:35,26.75,25.4,984.09,5.31,
1300,2025/01/29 01:09:35,26.71,25.4,984.26,5.28,
1301,2025/01/29 01:24:35,26.59,25.5,984.39,5.24,
1302,2025/01/29 01:39:35,26.55,25.4,984.39,5.14,
1303,2025/01/29 01:54:35,26.52,25.5,984.54,5.18,
1304,2025/01/29 02:09:35,26.54,25.5,984.71,5.19,
1305,2025/01/29 02:24:35,26.48,25.5,984.87,5.14,
1306,2025/01/29 02:39:35,26.44,25.5,984.95,5.11,
1307,2025/01/29 02:54:35,26.44,25.5,985.08,5.11,
1308,2025/01/29 03:09:35,26.45,25.6,985.13,5.17,
1309,2025/01/29 03:24:35,26.44,25.6,985.32,5.16,
1310,2025/01/29 03:39:35,26.41,25.6,985.38,5.14,
1311,2025/01/29 03:54:35,26.34,25.7,985.43,5.13,
1312,2025/01/29 04:09:35,26.27,25.6,985.55,5.02,
1313,2025/01/29 04:24:35,26.27,25.7,985.68,5.08,
1314,2025/01/29 04:39:35,26.24,25.6,985.69,4.99,
1315,2025/01/29 04:54:35,26.28,25.6,985.99,5.03,
1316,2025/01/29 05:09:35,26.21,25.5,986.20,4.91,
1317,2025/01/29 05:24:35,26.23,25.6,986.43,4.99,
1318,2025/01/29 05:39:35,26.24,25.5,986.74,4.94,
1319,2025/01/29 05:54:35,26.27,25.5,986.93,4.96,
1320,2025/01/29 06:09:35,26.26,25.5,986.95,4.96,
1321,2025/01/29 06:24:35,26.31,25.3,987.04,4.88,
1322,2025/01/29 06:39:35,26.38,25.0,987.27,4.77,
1323,2025/01/29 06:54:35,26.48,24.9,987.61,4.80,
1324,2025/01/29 07:09:35,26.54,24.9,987.76,4.85,
1325,2025/01/29 07:24:35,26.59,25.0,988.19,4.95,
1326,2025/01/29 07:39:35,26.55,25.2,988.57,5.03,
1327,2025/01/29 07:54:35,26.58,25.3,988.96,5.11,
1328,2025/01/29 08:09:35,26.62,25.4,989.29,5.20,
1329,2025/01/29 08:24:35,26.73,25.4,989.64,5.30,
1330,2025/01/29 08:39:35,26.82,25.3,990.05,5.32,
1331,2025/01/29 08:54:35,26.85,25.3,990.32,5.34,
1332,2025/01/29 09:09:35,26.79,25.3,990.62,5.29,
1333,2025/01/29 09:24:35,26.75,25.4,990.73,5.31,
1334,2025/01/29 09:39:35,26.78,25.3,990.87,5.28,
1335,2025/01/29 09:54:35,26.84,25.3,991.03,5.33,
1336,2025/01/29 10:09:35,26.91,25.2,991.17,5.34,
1337,2025/01/29 10:24:35,26.96,25.2,991.56,5.38,
1338,2025/01/29 10:39:35,26.99,25.2,991.98,5.40,
1339,2025/01/29 10:54:35,27.05,25.1,992.27,5.40,
1340,2025/01/29 11:09:35,27.02,25.1,992.54,5.37,
1341,2025/01/29 11:24:35,27.05,25.1,992.87,5.40,
1342,2025/01/29 11:39:35,26.99,25.2,992.92,5.40,
1343,2025/01/29 11:54:35,26.92,25.4,993.11,5.46,
1344,2025/01/29 12:09:35,26.85,25.5,993.19,5.46,
1345,2025/01/29 12:24:35,26.82,25.5,993.36,5.43,
1346,2025/01/29 12:39:35,26.84,25.5,993.54,5.45,
1347,2025/01/29 12:54:35,26.81,25.5,993.82,5.42,
1348,2025/01/29 13:09:35,26.78,25.6,993.83,5.45,
1349,2025/01/29 13:24:35,26.79,25.7,994.07,5.52,
1350,2025/01/29 13:39:35,26.81,25.7,994.26,5.53,
1351,2025/01/29 13:54:35,26.89,25.7,994.44,5.60,
1352,2025/01/29 14:09:35,26.94,25.7,994.46,5.64,
1353,2025/01/29 14:24:35,26.98,25.8,994.68,5.73,
1354,2025/01/29 14:39:35,27.00,25.7,994.88,5.70,
1355,2025/01/29 14:54:35,27.06,25.7,995.21,5.75,
1356,2025/01/29 15:09:35,27.10,25.7,995.48,5.78,
1357,2025/01/29 15:24:35,27.06,25.7,995.55,5.75,
1358,2025/01/29 15:39:35,27.02,25.8,995.84,5.77,
1359,2025/01/29 15:54:35,27.06,25.8,996.07,5.80,
1360,2025/01/29 16:09:35,27.05,25.8,996.37,5.79,
1361,2025/01/29 16:24:35,27.05,25.8,996.69,5.79,
1362,2025/01/29 16:39:35,27.06,25.9,996.81,5.86,
1363,2025/01/29 16:54:35,27.09,25.8,997.21,5.83,
1364,2025/01/29 17:09:35,27.08,25.8,997.68,5.82,
1365,2025/01/29 17:24:35,27.04,25.8,997.94,5.79,
1366,2025/01/29 17:39:35,27.06,25.7,998.23,5.75,
1367,2025/01/29 17:54:35,27.05,25.8,998.43,5.79,
1368,2025/01/29 18:09:35,27.09,25.7,998.74,5.77,
1369,2025/01/29 18:24:35,27.09,25.7,998.98,5.77,
1370,2025/01/29 18:39:35,27.08,25.6,999.20,5.71,
1371,2025/01/29 18:54:35,27.09,25.6,999.33,5.71,
1372,2025/01/29 19:09:35,27.15,25.5,999.63,5.71,
1373,2025/01/29 19:24:35,27.25,25.5,999.79,5.79,
1374,2025/01/29 19:39:35,27.29,25.4,999.96,5.77,
1375,2025/01/29 19:54:35,27.32,25.3,1000.23,5.74,
1376,2025/01/29 20:09:35,27.39,25.1,1000.48,5.68,
1377,2025/01/29 20:24:35,27.50,24.9,1000.56,5.66,
1378,2025/01/29 20:39:35,27.53,24.8,1000.74,5.63,
1379,2025/01/29 20:54:35,27.49,24.5,1000.89,5.42,
1380,2025/01/29 21:09:35,27.36,24.5,1001.14,5.31,
1381,2025/01/29 21:24:35,27.33,24.3,1001.22,5.17,
1382,2025/01/29 21:39:35,27.25,24.2,1001.12,5.04,
1383,2025/01/29 21:54:35,27.22,24.1,1001.26,4.96,
1384,2025/01/29 22:09:35,27.21,24.1,1001.36,4.95,
1385,2025/01/29 22:24:35,27.19,24.1,1001.61,4.93,
1386,2025/01/29 22:39:35,27.23,23.9,1001.86,4.84,
1387,2025/01/29 22:54:35,27.29,23.8,1002.05,4.83,
1388,2025/01/29 23:09:35,27.28,23.7,1002.38,4.77,
1389,2025/01/29 23:24:35,27.23,23.5,1002.49,4.60,
1390,2025/01/29 23:39:35,27.22,23.4,1002.50,4.53,
1391,2025/01/29 23:54:35,27.23,23.3,1002.49,4.48,
1392,2025/01/30 00:09:35,27.29,23.3,1002.84,4.53,
1393,2025/01/30 00:24:35,27.38,23.0,1003.11,4.42,
1394,2025/01/30 00:39:35,27.42,22.9,1003.23,4.39,
1395,2025/01/30 00:54:35,27.33,22.8,1003.48,4.25,
1396,2025/01/30 01:09:35,27.26,22.7,1003.39,4.13,
1397,2025/01/30 01:24:35,27.26,22.7,1003.34,4.13,
1398,2025/01/30 01:39:35,27.29,22.8,1003.15,4.22,
1399,2025/01/30 01:54:35,27.25,23.0,1003.42,4.31,
1400,2025/01/30 02:09:35,27.15,23.4,1004.05,4.47,
1401,2025/01/30 02:24:35,27.06,23.4,1003.85,4.40,
1402,2025/01/30 02:39:35,27.06,23.5,1004.16,4.46,
1403,2025/01/30 02:54:35,27.04,23.6,1004.20,4.50,
1404,2025/01/30 03:09:35,26.96,23.6,1004.34,4.44,
1405,2025/01/30 03:24:35,27.00,23.7,1004.62,4.53,
1406,2025/01/30 03:39:35,27.04,23.7,1004.98,4.56,
1407,2025/01/30 03:54:35,27.04,23.7,1004.96,4.56,
1408,2025/01/30 04:09:35,26.96,23.8,1005.04,4.56,
1409,2025/01/30 04:24:35,26.94,23.9,1005.29,4.60,
1410,2025/01/30 04:39:35,26.88,24.0,1005.43,4.61,
1411,2025/01/30 04:54:35,26.82,24.0,1005.79,4.56,
1412,2025/01/30 05:09:35,26.74,24.0,1006.11,4.49,
1413,2025/01/30 05:24:35,26.61,24.1,1006.30,4.44,
1414,2025/01/30 05:39:35,26.55,24.1,1006.38,4.39,
1415,2025/01/30 05:54:35,26.47,24.2,1006.48,4.38,
1416,2025/01/30 06:09:35,26.43,24.2,1006.61,4.35,
1417,2025/01/30 06:24:35,26.45,23.9,1006.72,4.19,
1418,2025/01/30 06:39:35,26.57,23.7,1006.84,4.17,
1419,2025/01/30 06:54:35,26.67,23.6,1007.00,4.19,
1420,2025/01/30 07:09:35,26.79,23.6,1007.24,4.29,
1421,2025/01/30 07:24:35,26.87,23.8,1007.41,4.48,
1422,2025/01/30 07:39:35,26.89,24.0,1007.42,4.62,
1423,2025/01/30 07:54:35,26.87,24.1,1007.76,4.66,
1424,2025/01/30 08:09:35,26.79,24.2,1007.83,4.65,
1425,2025/01/30 08:24:35,26.77,24.3,1007.97,4.70,
1426,2025/01/30 08:39:35,26.77,24.4,1008.18,4.75,
1427,2025/01/30 08:54:35,26.71,24.6,1008.34,4.82,
1428,2025/01/30 09:09:35,26.68,24.6,1008.45,4.79,
1429,2025/01/30 09:24:35,26.68,24.8,1008.56,4.91,
1430,2025/01/30 09:39:35,26.70,24.9,1008.68,4.99,
1431,2025/01/30 09:54:35,26.71,25.0,1008.73,5.05,
1432,2025/01/30 10:09:35,26.74,25.0,1008.93,5.08,
1433,2025/01/30 10:24:35,26.79,25.1,1009.22,5.18,
1434,2025/01/30 10:39:35,26.88,25.2,1009.28,5.31,
1435,2025/01/30 10:54:35,26.92,25.2,1009.25,5.34,
1436,2025/01/30 11:09:35,26.98,25.2,1009.24,5.39,
1437,2025/01/30 11:24:35,27.02,25.3,1009.35,5.49,
1438,2025/01/30 11:39:35,27.08,25.3,1009.41,5.54,
1439,2025/01/30 11:54:35,27.13,25.4,1009.59,5.64,
1440,2025/01/30 12:09:35,27.10,25.4,1009.67,5.61,
1441,2025/01/30 12:24:35,27.06,25.5,1009.73,5.63,
1442,2025/01/30 12:39:35,27.08,25.6,1009.76,5.71,
1443,2025/01/30 12:54:35,27.08,25.6,1009.63,5.71,
1444,2025/01/30 13:09:35,27.15,25.6,1009.69,5.77,
1445,2025/01/30 13:24:35,27.16,25.6,1009.66,5.78,
1446,2025/01/30 13:39:35,27.21,25.6,1009.58,5.82,
1447,2025/01/30 13:54:35,27.23,25.6,1009.61,5.83,
1448,2025/01/30 14:09:35,27.23,25.6,1009.59,5.83,
1449,2025/01/30 14:24:35,27.29,25.7,1009.64,5.94,
1450,2025/01/30 14:39:35,27.32,25.6,1009.66,5.91,
1451,2025/01/30 14:54:35,27.36,25.6,1009.72,5.94,
1452,2025/01/30 15:09:35,27.35,25.7,1009.87,5.99,
1453,2025/01/30 15:24:35,27.36,25.7,1009.98,6.00,
1454,2025/01/30 15:39:35,27.45,25.7,1009.94,6.08,
1455,2025/01/30 15:54:35,27.47,25.7,1009.94,6.09,
1456,2025/01/30 16:09:35,27.55,25.7,1009.97,6.16,
1457,2025/01/30 16:24:35,27.60,25.7,1009.92,6.20,
1458,2025/01/30 16:39:35,27.53,25.7,1010.00,6.14,
1459,2025/01/30 16:54:35,27.39,25.8,1010.06,6.08,
1460,2025/01/30 17:09:35,27.39,25.8,1010.10,6.08,
1461,2025/01/30 17:24:35,27.43,25.8,1010.04,6.12,
1462,2025/01/30 17:39:35,27.49,25.8,1010.01,6.17,
1463,2025/01/30 17:54:35,27.52,25.8,1009.82,6.19,
1464,2025/01/30 18:09:35,27.53,25.8,1009.61,6.20,
1465,2025/01/30 18:24:35,27.53,25.7,1009.57,6.14,
1466,2025/01/30 18:39:35,27.53,25.6,1009.60,6.09,
1467,2025/01/30 18:54:35,27.60,25.5,1009.52,6.09,
1468,2025/01/30 19:09:35,27.70,25.3,1009.43,6.06,
1469,2025/01/30 19:24:35,27.80,25.2,1009.54,6.09,
1470,2025/01/30 19:39:35,27.77,25.1,1009.67,6.01,
1471,2025/01/30 19:54:35,27.70,25.1,1009.46,5.95,
1472,2025/01/30 20:09:35,27.70,25.0,1009.55,5.89,
1473,2025/01/30 20:24:35,27.73,25.0,1009.56,5.91,
1474,2025/01/30 20:39:35,27.77,24.9,1009.48,5.89,
1475,2025/01/30 20:54:35,27.74,24.9,1009.44,5.87,
1476,2025/01/30 21:09:35,27.71,24.9,1009.39,5.84,
1477,2025/01/30 21:24:35,27.73,24.8,1009.23,5.80,
1478,2025/01/30 21:39:35,27.76,24.7,1008.98,5.76,
1479,2025/01/30 21:54:35,27.80,24.5,1008.83,5.68,
1480,2025/01/30 22:09:35,27.80,24.3,1008.71,5.56,
1481,2025/01/30 22:24:35,27.74,24.2,1008.58,5.45,
1482,2025/01/30 22:39:35,27.77,24.2,1008.53,5.48,
1483,2025/01/30 22:54:35,27.70,24.2,1008.47,5.42,
1484,2025/01/30 23:09:35,27.66,24.1,1008.20,5.33,
1485,2025/01/30 23:24:35,27.61,24.1,1008.18,5.28,
1486,2025/01/30 23:39:35,27.56,24.1,1008.13,5.24,
1487,2025/01/30 23:54:35,27.50,24.1,1008.18,5.19,
1488,2025/01/31 00:09:35,27.43,24.2,1008.25,5.19,
1489,2025/01/31 00:24:35,27.36,24.4,1008.18,5.25,
1490,2025/01/31 00:39:35,27.35,24.5,1008.02,5.30,
1491,2025/01/31 00:54:35,27.28,24.6,1007.90,5.30,
1492,2025/01/31 01:09:35,27.22,24.7,1007.63,5.31,
1493,2025/01/31 01:24:35,27.19,24.8,1007.49,5.34,
1494,2025/01/31 01:39:35,27.21,24.8,1007.38,5.36,
1495,2025/01/31 01:54:35,27.18,24.9,1007.36,5.39,
1496,2025/01/31 02:09:35,27.22,24.9,1007.49,5.42,
1497,2025/01/31 02:24:35,27.22,24.9,1007.48,5.42,
1498,2025/01/31 02:39:35,27.22,24.9,1007.40,5.42,
1499,2025/01/31 02:54:35,27.19,24.9,1007.43,5.40,
1500,2025/01/31 03:09:35,27.18,25.0,1007.49,5.45,
1501,2025/01/31 03:24:35,27.13,25.0,1007.56,5.41,
1502,2025/01/31 03:39:35,27.16,25.0,1007.56,5.43,
1503,2025/01/31 03:54:35,27.13,24.9,1007.44,5.35,
1504,2025/01/31 04:09:35,27.12,25.0,1007.58,5.40,
1505,2025/01/31 04:24:35,27.19,25.0,1007.82,5.46,
1506,2025/01/31 04:39:35,27.18,25.0,1008.09,5.45,
1507,2025/01/31 04:54:35,27.18,25.0,1008.43,5.45,
1508,2025/01/31 05:09:35,27.22,24.9,1008.70,5.42,
1509,2025/01/31 05:24:35,27.22,25.0,1008.97,5.48,
1510,2025/01/31 05:39:35,27.18,25.0,1009.29,5.45,
1511,2025/01/31 05:54:35,27.16,25.0,1009.29,5.43,
1512,2025/01/31 06:09:35,27.12,25.0,1009.45,5.40,
1513,2025/01/31 06:24:35,27.12,24.9,1009.73,5.34,
1514,2025/01/31 06:39:35,27.16,24.8,1010.41,5.32,
1515,2025/01/31 06:54:35,27.16,24.7,1010.72,5.26,
1516,2025/01/31 07:09:35,27.18,24.7,1010.90,5.28,
1517,2025/01/31 07:24:35,27.16,24.8,1011.08,5.32,
1518,2025/01/31 07:39:35,27.15,24.9,1011.42,5.37,
1519,2025/01/31 07:54:35,27.00,25.1,1011.61,5.36,
1520,2025/01/31 08:09:35,26.95,25.3,1012.02,5.43,
1521,2025/01/31 08:24:35,26.92,25.4,1012.33,5.46,
1522,2025/01/31 08:39:35,26.99,25.4,1012.37,5.52,
1523,2025/01/31 08:54:35,27.00,25.5,1012.46,5.58,
1524,2025/01/31 09:09:35,27.06,25.6,1012.78,5.69,
1525,2025/01/31 09:24:35,27.10,25.6,1012.87,5.72,
1526,2025/01/31 09:39:35,27.16,25.7,1013.38,5.83,
1527,2025/01/31 09:54:35,27.16,25.8,1013.39,5.89,
1528,2025/01/31 10:09:35,27.13,25.9,1013.60,5.92,
1529,2025/01/31 10:24:35,27.16,26.0,1014.03,6.00,
1530,2025/01/31 10:39:35,27.15,26.0,1014.34,5.99,
1531,2025/01/31 10:54:35,27.15,26.1,1014.52,6.05,
1532,2025/01/31 11:09:35,27.13,26.1,1014.77,6.03,
1533,2025/01/31 11:24:35,27.15,26.1,1014.98,6.05,
1534,2025/01/31 11:39:35,27.12,26.2,1014.94,6.08,
1535,2025/01/31 11:54:35,27.15,26.3,1014.93,6.16,
1536,2025/01/31 12:09:35,27.16,26.3,1014.92,6.17,
1537,2025/01/31 12:24:35,27.18,26.4,1014.89,6.24,
1538,2025/01/31 12:39:35,27.23,26.4,1015.02,6.28,
1539,2025/01/31 12:54:35,27.26,26.4,1015.24,6.30,
1540,2025/01/31 13:09:35,27.33,26.5,1015.23,6.42,
1541,2025/01/31 13:24:35,27.35,26.5,1015.31,6.44,
1542,2025/01/31 13:39:35,27.36,26.5,1015.09,6.45,
1543,2025/01/31 13:54:35,27.42,26.5,1015.37,6.50,
1544,2025/01/31 14:09:35,27.43,26.5,1015.60,6.50,
1545,2025/01/31 14:24:35,27.45,26.5,1015.87,6.52,
1546,2025/01/31 14:39:35,27.49,26.5,1015.98,6.56,
1547,2025/01/31 14:54:35,27.47,26.5,1015.87,6.54,
1548,2025/01/31 15:09:35,27.47,26.6,1015.90,6.59,
1549,2025/01/31 15:24:35,27.52,26.6,1015.96,6.64,
1550,2025/01/31 15:39:35,27.55,26.7,1015.92,6.72,
1551,2025/01/31 15:54:35,27.59,26.7,1016.07,6.75,
1552,2025/01/31 16:09:35,27.50,29.3,1016.01,8.03,
